# Blender 5.1.0
# www.blender.org
mtllib side_table_01_4k.mtl
o side_table_01
v -0.273000 0.000962 -0.225000
v -0.273000 -0.001038 -0.223000
v -0.275000 0.000962 -0.223000
v -0.273000 -0.000452 -0.224414
v -0.274155 -0.000192 -0.224155
v -0.274414 -0.000452 -0.223000
v -0.274414 0.000962 -0.224414
v -0.273000 0.000962 -0.179256
v -0.275000 0.000962 -0.181256
v -0.273000 -0.001038 -0.181256
v -0.274414 0.000962 -0.179842
v -0.274155 -0.000192 -0.180101
v -0.274414 -0.000452 -0.181256
v -0.273000 -0.000452 -0.179842
v -0.231256 0.000962 -0.225000
v -0.229256 0.000962 -0.223000
v -0.231256 -0.001038 -0.223000
v -0.229842 0.000962 -0.224414
v -0.230101 -0.000192 -0.224155
v -0.229842 -0.000452 -0.223000
v -0.231256 -0.000452 -0.224414
v -0.229256 0.000962 -0.179256
v -0.231256 -0.001038 -0.181256
v -0.229842 -0.000452 -0.179842
v -0.273000 0.547710 -0.179256
v -0.273000 0.548306 -0.179852
v -0.275000 0.546306 -0.181256
v -0.273000 0.548131 -0.179430
v -0.274414 0.547720 -0.180773
v -0.274414 0.546687 -0.179842
v -0.229852 0.548306 -0.179852
v -0.229256 0.547710 -0.179256
v -0.229492 0.548131 -0.179492
v -0.229852 0.548306 -0.223000
v -0.229256 0.547710 -0.223000
v -0.231256 0.546306 -0.225000
v -0.229430 0.548131 -0.223000
v -0.229842 0.546647 -0.224414
v -0.230949 0.547720 -0.224414
v -0.273000 0.546306 -0.225000
v -0.275000 0.546306 -0.223000
v -0.273000 0.548306 -0.223000
v -0.274414 0.546306 -0.224414
v -0.274155 0.547461 -0.224155
v -0.274414 0.547720 -0.223000
v -0.273000 0.547720 -0.224414
v -0.274240 0.547611 -0.179951
v -0.230052 0.547509 -0.224299
v 0.273000 0.000962 -0.225000
v 0.273000 -0.001038 -0.223000
v 0.275000 0.000962 -0.223000
v 0.273000 -0.000452 -0.224414
v 0.274155 -0.000192 -0.224155
v 0.274414 -0.000452 -0.223000
v 0.274414 0.000962 -0.224414
v 0.273000 0.000962 -0.179256
v 0.275000 0.000962 -0.181256
v 0.273000 -0.001038 -0.181256
v 0.274414 0.000962 -0.179842
v 0.274155 -0.000192 -0.180101
v 0.274414 -0.000452 -0.181256
v 0.273000 -0.000452 -0.179842
v 0.231256 0.000962 -0.225000
v 0.229256 0.000962 -0.223000
v 0.231256 -0.001038 -0.223000
v 0.229842 0.000962 -0.224414
v 0.230101 -0.000192 -0.224155
v 0.229842 -0.000452 -0.223000
v 0.231256 -0.000452 -0.224414
v 0.229256 0.000962 -0.179256
v 0.231256 -0.001038 -0.181256
v 0.229842 -0.000452 -0.179842
v 0.273000 0.547710 -0.179256
v 0.273000 0.548306 -0.179852
v 0.275000 0.546306 -0.181256
v 0.273000 0.548131 -0.179430
v 0.274414 0.547720 -0.180773
v 0.274414 0.546687 -0.179842
v 0.229852 0.548306 -0.179852
v 0.229256 0.547710 -0.179256
v 0.229492 0.548131 -0.179492
v 0.229852 0.548306 -0.223000
v 0.229256 0.547710 -0.223000
v 0.231256 0.546306 -0.225000
v 0.229430 0.548131 -0.223000
v 0.229842 0.546647 -0.224414
v 0.230949 0.547720 -0.224414
v 0.273000 0.546306 -0.225000
v 0.275000 0.546306 -0.223000
v 0.273000 0.548306 -0.223000
v 0.274414 0.546306 -0.224414
v 0.274155 0.547461 -0.224155
v 0.274414 0.547720 -0.223000
v 0.273000 0.547720 -0.224414
v 0.274240 0.547611 -0.179951
v 0.230052 0.547509 -0.224299
v -0.273000 0.000962 0.225000
v -0.273000 -0.001038 0.223000
v -0.275000 0.000962 0.223000
v -0.273000 -0.000452 0.224414
v -0.274155 -0.000192 0.224155
v -0.274414 -0.000452 0.223000
v -0.274414 0.000962 0.224414
v -0.273000 0.000962 0.179256
v -0.275000 0.000962 0.181256
v -0.273000 -0.001038 0.181256
v -0.274414 0.000962 0.179842
v -0.274155 -0.000192 0.180101
v -0.274414 -0.000452 0.181256
v -0.273000 -0.000452 0.179842
v -0.231256 0.000962 0.225000
v -0.229256 0.000962 0.223000
v -0.231256 -0.001038 0.223000
v -0.229842 0.000962 0.224414
v -0.230101 -0.000192 0.224155
v -0.229842 -0.000452 0.223000
v -0.231256 -0.000452 0.224414
v -0.229256 0.000962 0.179256
v -0.231256 -0.001038 0.181256
v -0.229842 -0.000452 0.179842
v -0.273000 0.547710 0.179256
v -0.273000 0.548306 0.179852
v -0.275000 0.546306 0.181256
v -0.273000 0.548131 0.179430
v -0.274414 0.547720 0.180773
v -0.274414 0.546687 0.179842
v -0.229852 0.548306 0.179852
v -0.229256 0.547710 0.179256
v -0.229492 0.548131 0.179492
v -0.229852 0.548306 0.223000
v -0.229256 0.547710 0.223000
v -0.231256 0.546306 0.225000
v -0.229430 0.548131 0.223000
v -0.229842 0.546647 0.224414
v -0.230949 0.547720 0.224414
v -0.273000 0.546306 0.225000
v -0.275000 0.546306 0.223000
v -0.273000 0.548306 0.223000
v -0.274414 0.546306 0.224414
v -0.274155 0.547461 0.224155
v -0.274414 0.547720 0.223000
v -0.273000 0.547720 0.224414
v -0.274240 0.547611 0.179951
v -0.230052 0.547509 0.224299
v 0.273000 0.000962 0.225000
v 0.273000 -0.001038 0.223000
v 0.275000 0.000962 0.223000
v 0.273000 -0.000452 0.224414
v 0.274155 -0.000192 0.224155
v 0.274414 -0.000452 0.223000
v 0.274414 0.000962 0.224414
v 0.273000 0.000962 0.179256
v 0.275000 0.000962 0.181256
v 0.273000 -0.001038 0.181256
v 0.274414 0.000962 0.179842
v 0.274155 -0.000192 0.180101
v 0.274414 -0.000452 0.181256
v 0.273000 -0.000452 0.179842
v 0.231256 0.000962 0.225000
v 0.229256 0.000962 0.223000
v 0.231256 -0.001038 0.223000
v 0.229842 0.000962 0.224414
v 0.230101 -0.000192 0.224155
v 0.229842 -0.000452 0.223000
v 0.231256 -0.000452 0.224414
v 0.229256 0.000962 0.179256
v 0.231256 -0.001038 0.181256
v 0.229842 -0.000452 0.179842
v 0.273000 0.547710 0.179256
v 0.273000 0.548306 0.179852
v 0.275000 0.546306 0.181256
v 0.273000 0.548131 0.179430
v 0.274414 0.547720 0.180773
v 0.274414 0.546687 0.179842
v 0.229852 0.548306 0.179852
v 0.229256 0.547710 0.179256
v 0.229492 0.548131 0.179492
v 0.229852 0.548306 0.223000
v 0.229256 0.547710 0.223000
v 0.231256 0.546306 0.225000
v 0.229430 0.548131 0.223000
v 0.229842 0.546647 0.224414
v 0.230949 0.547720 0.224414
v 0.273000 0.546306 0.225000
v 0.275000 0.546306 0.223000
v 0.273000 0.548306 0.223000
v 0.274414 0.546306 0.224414
v 0.274155 0.547461 0.224155
v 0.274414 0.547720 0.223000
v 0.273000 0.547720 0.224414
v 0.274240 0.547611 0.179951
v 0.230052 0.547509 0.224299
v 0.229091 0.050498 -0.179030
v 0.229091 0.029294 -0.179030
v 0.229091 0.350465 -0.179030
v 0.229091 0.329350 -0.179030
v 0.229091 0.329350 -0.201999
v 0.229091 0.029294 -0.201999
v 0.251980 0.329350 -0.179030
v 0.251980 0.029294 -0.179030
v 0.229091 0.349869 -0.201999
v 0.229091 0.350465 -0.201403
v 0.229091 0.350290 -0.201824
v 0.229091 0.049902 -0.201999
v 0.229091 0.050498 -0.201403
v 0.229091 0.050323 -0.201824
v 0.251384 0.350465 -0.179030
v 0.251980 0.349869 -0.179030
v 0.251805 0.350290 -0.179030
v 0.251384 0.050498 -0.179030
v 0.251980 0.049902 -0.179030
v 0.251805 0.050323 -0.179030
v -0.229091 0.050498 -0.179030
v -0.229091 0.029294 -0.179030
v -0.229091 0.350465 -0.179030
v -0.229091 0.329350 -0.179030
v -0.229091 0.329350 -0.201999
v -0.229091 0.029294 -0.201999
v -0.251980 0.329350 -0.179030
v -0.251980 0.029294 -0.179030
v -0.229091 0.349869 -0.201999
v -0.229091 0.350465 -0.201403
v -0.229091 0.350290 -0.201824
v -0.229091 0.049902 -0.201999
v -0.229091 0.050498 -0.201403
v -0.229091 0.050323 -0.201824
v -0.251384 0.350465 -0.179030
v -0.251980 0.349869 -0.179030
v -0.251805 0.350290 -0.179030
v -0.251384 0.050498 -0.179030
v -0.251980 0.049902 -0.179030
v -0.251805 0.050323 -0.179030
v 0.229091 0.050498 0.179030
v 0.229091 0.029294 0.179030
v 0.229091 0.350465 0.179030
v 0.229091 0.329350 0.179030
v 0.229091 0.329350 0.201999
v 0.229091 0.029294 0.201999
v 0.251980 0.329350 0.179030
v 0.251980 0.029294 0.179030
v 0.229091 0.349869 0.201999
v 0.229091 0.350465 0.201403
v 0.229091 0.350290 0.201824
v 0.229091 0.049902 0.201999
v 0.229091 0.050498 0.201403
v 0.229091 0.050323 0.201824
v 0.251384 0.350465 0.179030
v 0.251980 0.349869 0.179030
v 0.251805 0.350290 0.179030
v 0.251384 0.050498 0.179030
v 0.251980 0.049902 0.179030
v 0.251805 0.050323 0.179030
v -0.229091 0.050498 0.179030
v -0.229091 0.029294 0.179030
v -0.229091 0.350465 0.179030
v -0.229091 0.329350 0.179030
v -0.229091 0.329350 0.201999
v -0.229091 0.029294 0.201999
v -0.251980 0.329350 0.179030
v -0.251980 0.029294 0.179030
v -0.229091 0.349869 0.201999
v -0.229091 0.350465 0.201403
v -0.229091 0.350290 0.201824
v -0.229091 0.049902 0.201999
v -0.229091 0.050498 0.201403
v -0.229091 0.050323 0.201824
v -0.251384 0.350465 0.179030
v -0.251980 0.349869 0.179030
v -0.251805 0.350290 0.179030
v -0.251384 0.050498 0.179030
v -0.251980 0.049902 0.179030
v -0.251805 0.050323 0.179030
v -0.229091 0.548306 0.179030
v -0.229091 0.527102 0.179030
v -0.252724 0.547670 0.178718
v -0.229091 0.527102 0.201999
v -0.251980 0.527102 0.179030
v -0.228797 0.548306 0.202724
v -0.228797 0.547710 0.202128
v -0.228797 0.548131 0.202303
v -0.228797 0.472627 0.202128
v -0.228797 0.472031 0.202724
v -0.228797 0.472206 0.202303
v -0.252128 0.547710 0.178718
v -0.252724 0.548306 0.178718
v -0.252302 0.548131 0.178718
v -0.252724 0.472031 0.178718
v -0.252128 0.472627 0.178718
v -0.252302 0.472206 0.178718
v -0.228797 0.472031 0.221427
v -0.228797 0.474031 0.223427
v -0.228797 0.472617 0.222842
v -0.273455 0.474031 0.178718
v -0.271455 0.472031 0.178718
v -0.272869 0.472617 0.178718
v -0.228797 0.546306 0.223427
v -0.228797 0.548306 0.221427
v -0.252724 0.472666 0.178718
v -0.228797 0.547720 0.222842
v -0.271455 0.548306 0.178718
v -0.273455 0.546306 0.178718
v -0.271455 0.473899 0.178718
v -0.272869 0.547720 0.178718
v -0.229091 0.547710 0.201999
v -0.229091 0.548306 0.201403
v -0.229091 0.548131 0.201824
v -0.251384 0.548306 0.179030
v -0.251980 0.547710 0.179030
v -0.251806 0.548131 0.179030
v -0.271455 0.546437 0.178718
v -0.228797 0.546438 0.221427
v -0.228797 0.473899 0.221427
v -0.228797 0.472666 0.202724
v -0.228797 0.547670 0.202724
v 0.229091 0.548306 0.179030
v 0.229091 0.527102 0.179030
v 0.252724 0.547670 0.178718
v 0.229091 0.527102 0.201999
v 0.251980 0.527102 0.179030
v 0.228797 0.548306 0.202724
v 0.228797 0.547710 0.202128
v 0.228797 0.548131 0.202303
v 0.228797 0.472627 0.202128
v 0.228797 0.472031 0.202724
v 0.228797 0.472206 0.202303
v 0.252128 0.547710 0.178718
v 0.252724 0.548306 0.178718
v 0.252302 0.548131 0.178718
v 0.252724 0.472031 0.178718
v 0.252128 0.472627 0.178718
v 0.252302 0.472206 0.178718
v 0.228797 0.472031 0.221427
v 0.228797 0.474031 0.223427
v 0.228797 0.472617 0.222842
v 0.273455 0.474031 0.178718
v 0.271455 0.472031 0.178718
v 0.272869 0.472617 0.178718
v 0.228797 0.546306 0.223427
v 0.228797 0.548306 0.221427
v 0.252724 0.472666 0.178718
v 0.228797 0.547720 0.222842
v 0.271455 0.548306 0.178718
v 0.273455 0.546306 0.178718
v 0.271455 0.473899 0.178718
v 0.272869 0.547720 0.178718
v 0.229091 0.547710 0.201999
v 0.229091 0.548306 0.201403
v 0.229091 0.548131 0.201824
v 0.251384 0.548306 0.179030
v 0.251980 0.547710 0.179030
v 0.251806 0.548131 0.179030
v 0.271455 0.546437 0.178718
v 0.228797 0.546438 0.221427
v 0.228797 0.473899 0.221427
v 0.228797 0.472666 0.202724
v 0.228797 0.547670 0.202724
v -0.229091 0.548306 -0.179030
v -0.229091 0.527102 -0.179030
v -0.252724 0.547670 -0.178718
v -0.229091 0.527102 -0.201999
v -0.251980 0.527102 -0.179030
v -0.228797 0.548306 -0.202724
v -0.228797 0.547710 -0.202128
v -0.228797 0.548131 -0.202303
v -0.228797 0.472627 -0.202128
v -0.228797 0.472031 -0.202724
v -0.228797 0.472206 -0.202303
v -0.252128 0.547710 -0.178718
v -0.252724 0.548306 -0.178718
v -0.252302 0.548131 -0.178718
v -0.252724 0.472031 -0.178718
v -0.252128 0.472627 -0.178718
v -0.252302 0.472206 -0.178718
v -0.228797 0.472031 -0.221427
v -0.228797 0.474031 -0.223427
v -0.228797 0.472617 -0.222842
v -0.273455 0.474031 -0.178718
v -0.271455 0.472031 -0.178718
v -0.272869 0.472617 -0.178718
v -0.228797 0.546306 -0.223427
v -0.228797 0.548306 -0.221427
v -0.252724 0.472666 -0.178718
v -0.228797 0.547720 -0.222842
v -0.271455 0.548306 -0.178718
v -0.273455 0.546306 -0.178718
v -0.271455 0.473899 -0.178718
v -0.272869 0.547720 -0.178718
v -0.229091 0.547710 -0.201999
v -0.229091 0.548306 -0.201403
v -0.229091 0.548131 -0.201824
v -0.251384 0.548306 -0.179030
v -0.251980 0.547710 -0.179030
v -0.251806 0.548131 -0.179030
v -0.271455 0.546437 -0.178718
v -0.228797 0.546438 -0.221427
v -0.228797 0.473899 -0.221427
v -0.228797 0.472666 -0.202724
v -0.228797 0.547670 -0.202724
v 0.229091 0.548306 -0.179030
v 0.229091 0.527102 -0.179030
v 0.252724 0.547670 -0.178718
v 0.229091 0.527102 -0.201999
v 0.251980 0.527102 -0.179030
v 0.228797 0.548306 -0.202724
v 0.228797 0.547710 -0.202128
v 0.228797 0.548131 -0.202303
v 0.228797 0.472627 -0.202128
v 0.228797 0.472031 -0.202724
v 0.228797 0.472206 -0.202303
v 0.252128 0.547710 -0.178718
v 0.252724 0.548306 -0.178718
v 0.252302 0.548131 -0.178718
v 0.252724 0.472031 -0.178718
v 0.252128 0.472627 -0.178718
v 0.252302 0.472206 -0.178718
v 0.228797 0.472031 -0.221427
v 0.228797 0.474031 -0.223427
v 0.228797 0.472617 -0.222842
v 0.273455 0.474031 -0.178718
v 0.271455 0.472031 -0.178718
v 0.272869 0.472617 -0.178718
v 0.228797 0.546306 -0.223427
v 0.228797 0.548306 -0.221427
v 0.252724 0.472666 -0.178718
v 0.228797 0.547720 -0.222842
v 0.271455 0.548306 -0.178718
v 0.273455 0.546306 -0.178718
v 0.271455 0.473899 -0.178718
v 0.272869 0.547720 -0.178718
v 0.229091 0.547710 -0.201999
v 0.229091 0.548306 -0.201403
v 0.229091 0.548131 -0.201824
v 0.251384 0.548306 -0.179030
v 0.251980 0.547710 -0.179030
v 0.251806 0.548131 -0.179030
v 0.271455 0.546437 -0.178718
v 0.228797 0.546438 -0.221427
v 0.228797 0.473899 -0.221427
v 0.228797 0.472666 -0.202724
v 0.228797 0.547670 -0.202724
v -0.227708 0.019663 -0.196014
v -0.226149 0.019663 -0.196014
v -0.227708 0.017359 -0.195397
v -0.226149 0.017359 -0.195397
v -0.227708 0.015672 -0.193710
v -0.226149 0.015672 -0.193710
v -0.227708 0.015055 -0.191406
v -0.226149 0.015055 -0.191406
v -0.227708 0.015672 -0.189102
v -0.226149 0.015672 -0.189102
v -0.227708 0.017359 -0.187415
v -0.226149 0.017359 -0.187415
v -0.227708 0.019663 -0.186797
v -0.226149 0.019663 -0.186797
v -0.227708 0.021968 -0.187415
v -0.226149 0.021968 -0.187415
v -0.227708 0.023654 -0.189102
v -0.226149 0.023654 -0.189102
v -0.227708 0.024272 -0.191406
v -0.226149 0.024272 -0.191406
v -0.227708 0.023654 -0.193710
v -0.226149 0.023654 -0.193710
v -0.227708 0.021968 -0.195397
v -0.226149 0.021968 -0.195397
v -0.226149 0.019663 -0.191406
v -0.219387 0.027775 -0.196014
v -0.219387 0.026216 -0.196014
v -0.221691 0.027775 -0.195397
v -0.221691 0.026216 -0.195397
v -0.223378 0.027775 -0.193710
v -0.223378 0.026216 -0.193710
v -0.223996 0.027775 -0.191406
v -0.223996 0.026216 -0.191406
v -0.223378 0.027775 -0.189102
v -0.223378 0.026216 -0.189102
v -0.221691 0.027775 -0.187415
v -0.221691 0.026216 -0.187415
v -0.219387 0.027775 -0.186797
v -0.219387 0.026216 -0.186797
v -0.217083 0.027775 -0.187415
v -0.217083 0.026216 -0.187415
v -0.215396 0.027775 -0.189102
v -0.215396 0.026216 -0.189102
v -0.214779 0.027775 -0.191406
v -0.214779 0.026216 -0.191406
v -0.215396 0.027775 -0.193710
v -0.215396 0.026216 -0.193710
v -0.217083 0.027775 -0.195397
v -0.217083 0.026216 -0.195397
v -0.219387 0.026216 -0.191406
v 0.227708 0.019663 -0.196014
v 0.226149 0.019663 -0.196014
v 0.227708 0.017359 -0.195397
v 0.226149 0.017359 -0.195397
v 0.227708 0.015672 -0.193710
v 0.226149 0.015672 -0.193710
v 0.227708 0.015055 -0.191406
v 0.226149 0.015055 -0.191406
v 0.227708 0.015672 -0.189102
v 0.226149 0.015672 -0.189102
v 0.227708 0.017359 -0.187415
v 0.226149 0.017359 -0.187415
v 0.227708 0.019663 -0.186797
v 0.226149 0.019663 -0.186797
v 0.227708 0.021968 -0.187415
v 0.226149 0.021968 -0.187415
v 0.227708 0.023654 -0.189102
v 0.226149 0.023654 -0.189102
v 0.227708 0.024272 -0.191406
v 0.226149 0.024272 -0.191406
v 0.227708 0.023654 -0.193710
v 0.226149 0.023654 -0.193710
v 0.227708 0.021968 -0.195397
v 0.226149 0.021968 -0.195397
v 0.226149 0.019663 -0.191406
v 0.219387 0.027775 -0.196014
v 0.219387 0.026216 -0.196014
v 0.221691 0.027775 -0.195397
v 0.221691 0.026216 -0.195397
v 0.223378 0.027775 -0.193710
v 0.223378 0.026216 -0.193710
v 0.223996 0.027775 -0.191406
v 0.223996 0.026216 -0.191406
v 0.223378 0.027775 -0.189102
v 0.223378 0.026216 -0.189102
v 0.221691 0.027775 -0.187415
v 0.221691 0.026216 -0.187415
v 0.219387 0.027775 -0.186797
v 0.219387 0.026216 -0.186797
v 0.217083 0.027775 -0.187415
v 0.217083 0.026216 -0.187415
v 0.215396 0.027775 -0.189102
v 0.215396 0.026216 -0.189102
v 0.214779 0.027775 -0.191406
v 0.214779 0.026216 -0.191406
v 0.215396 0.027775 -0.193710
v 0.215396 0.026216 -0.193710
v 0.217083 0.027775 -0.195397
v 0.217083 0.026216 -0.195397
v 0.219387 0.026216 -0.191406
v -0.227708 0.019663 0.196014
v -0.226149 0.019663 0.196014
v -0.227708 0.017359 0.195397
v -0.226149 0.017359 0.195397
v -0.227708 0.015672 0.193710
v -0.226149 0.015672 0.193710
v -0.227708 0.015055 0.191406
v -0.226149 0.015055 0.191406
v -0.227708 0.015672 0.189101
v -0.226149 0.015672 0.189101
v -0.227708 0.017359 0.187415
v -0.226149 0.017359 0.187415
v -0.227708 0.019663 0.186797
v -0.226149 0.019663 0.186797
v -0.227708 0.021968 0.187415
v -0.226149 0.021968 0.187415
v -0.227708 0.023654 0.189101
v -0.226149 0.023654 0.189101
v -0.227708 0.024272 0.191406
v -0.226149 0.024272 0.191406
v -0.227708 0.023654 0.193710
v -0.226149 0.023654 0.193710
v -0.227708 0.021968 0.195397
v -0.226149 0.021968 0.195397
v -0.226149 0.019663 0.191406
v -0.219387 0.027775 0.196014
v -0.219387 0.026216 0.196014
v -0.221691 0.027775 0.195397
v -0.221691 0.026216 0.195397
v -0.223378 0.027775 0.193710
v -0.223378 0.026216 0.193710
v -0.223996 0.027775 0.191406
v -0.223996 0.026216 0.191406
v -0.223378 0.027775 0.189101
v -0.223378 0.026216 0.189101
v -0.221691 0.027775 0.187415
v -0.221691 0.026216 0.187415
v -0.219387 0.027775 0.186797
v -0.219387 0.026216 0.186797
v -0.217083 0.027775 0.187415
v -0.217083 0.026216 0.187415
v -0.215396 0.027775 0.189101
v -0.215396 0.026216 0.189101
v -0.214779 0.027775 0.191406
v -0.214779 0.026216 0.191406
v -0.215396 0.027775 0.193710
v -0.215396 0.026216 0.193710
v -0.217083 0.027775 0.195397
v -0.217083 0.026216 0.195397
v -0.219387 0.026216 0.191406
v 0.227708 0.019663 0.196014
v 0.226149 0.019663 0.196014
v 0.227708 0.017359 0.195397
v 0.226149 0.017359 0.195397
v 0.227708 0.015672 0.193710
v 0.226149 0.015672 0.193710
v 0.227708 0.015055 0.191406
v 0.226149 0.015055 0.191406
v 0.227708 0.015672 0.189101
v 0.226149 0.015672 0.189101
v 0.227708 0.017359 0.187415
v 0.226149 0.017359 0.187415
v 0.227708 0.019663 0.186797
v 0.226149 0.019663 0.186797
v 0.227708 0.021968 0.187415
v 0.226149 0.021968 0.187415
v 0.227708 0.023654 0.189101
v 0.226149 0.023654 0.189101
v 0.227708 0.024272 0.191406
v 0.226149 0.024272 0.191406
v 0.227708 0.023654 0.193710
v 0.226149 0.023654 0.193710
v 0.227708 0.021968 0.195397
v 0.226149 0.021968 0.195397
v 0.226149 0.019663 0.191406
v 0.219387 0.027775 0.196014
v 0.219387 0.026216 0.196014
v 0.221691 0.027775 0.195397
v 0.221691 0.026216 0.195397
v 0.223378 0.027775 0.193710
v 0.223378 0.026216 0.193710
v 0.223996 0.027775 0.191406
v 0.223996 0.026216 0.191406
v 0.223378 0.027775 0.189101
v 0.223378 0.026216 0.189101
v 0.221691 0.027775 0.187415
v 0.221691 0.026216 0.187415
v 0.219387 0.027775 0.186797
v 0.219387 0.026216 0.186797
v 0.217083 0.027775 0.187415
v 0.217083 0.026216 0.187415
v 0.215396 0.027775 0.189101
v 0.215396 0.026216 0.189101
v 0.214779 0.027775 0.191406
v 0.214779 0.026216 0.191406
v 0.215396 0.027775 0.193710
v 0.215396 0.026216 0.193710
v 0.217083 0.027775 0.195397
v 0.217083 0.026216 0.195397
v 0.219387 0.026216 0.191406
v -0.227708 0.319879 -0.196014
v -0.226149 0.319879 -0.196014
v -0.227708 0.317575 -0.195397
v -0.226149 0.317575 -0.195397
v -0.227708 0.315888 -0.193710
v -0.226149 0.315888 -0.193710
v -0.227708 0.315271 -0.191406
v -0.226149 0.315271 -0.191406
v -0.227708 0.315888 -0.189102
v -0.226149 0.315888 -0.189102
v -0.227708 0.317575 -0.187415
v -0.226149 0.317575 -0.187415
v -0.227708 0.319879 -0.186797
v -0.226149 0.319879 -0.186797
v -0.227708 0.322183 -0.187415
v -0.226149 0.322183 -0.187415
v -0.227708 0.323870 -0.189102
v -0.226149 0.323870 -0.189102
v -0.227708 0.324488 -0.191406
v -0.226149 0.324488 -0.191406
v -0.227708 0.323870 -0.193710
v -0.226149 0.323870 -0.193710
v -0.227708 0.322183 -0.195397
v -0.226149 0.322183 -0.195397
v -0.226149 0.319879 -0.191406
v -0.219387 0.327991 -0.196014
v -0.219387 0.326432 -0.196014
v -0.221691 0.327991 -0.195397
v -0.221691 0.326432 -0.195397
v -0.223378 0.327991 -0.193710
v -0.223378 0.326432 -0.193710
v -0.223996 0.327991 -0.191406
v -0.223996 0.326432 -0.191406
v -0.223378 0.327991 -0.189102
v -0.223378 0.326432 -0.189102
v -0.221691 0.327991 -0.187415
v -0.221691 0.326432 -0.187415
v -0.219387 0.327991 -0.186797
v -0.219387 0.326432 -0.186797
v -0.217083 0.327991 -0.187415
v -0.217083 0.326432 -0.187415
v -0.215396 0.327991 -0.189102
v -0.215396 0.326432 -0.189102
v -0.214779 0.327991 -0.191406
v -0.214779 0.326432 -0.191406
v -0.215396 0.327991 -0.193710
v -0.215396 0.326432 -0.193710
v -0.217083 0.327991 -0.195397
v -0.217083 0.326432 -0.195397
v -0.219387 0.326432 -0.191406
v 0.227708 0.319879 -0.196014
v 0.226149 0.319879 -0.196014
v 0.227708 0.317575 -0.195397
v 0.226149 0.317575 -0.195397
v 0.227708 0.315888 -0.193710
v 0.226149 0.315888 -0.193710
v 0.227708 0.315271 -0.191406
v 0.226149 0.315271 -0.191406
v 0.227708 0.315888 -0.189102
v 0.226149 0.315888 -0.189102
v 0.227708 0.317575 -0.187415
v 0.226149 0.317575 -0.187415
v 0.227708 0.319879 -0.186797
v 0.226149 0.319879 -0.186797
v 0.227708 0.322183 -0.187415
v 0.226149 0.322183 -0.187415
v 0.227708 0.323870 -0.189102
v 0.226149 0.323870 -0.189102
v 0.227708 0.324488 -0.191406
v 0.226149 0.324488 -0.191406
v 0.227708 0.323870 -0.193710
v 0.226149 0.323870 -0.193710
v 0.227708 0.322183 -0.195397
v 0.226149 0.322183 -0.195397
v 0.226149 0.319879 -0.191406
v 0.219387 0.327991 -0.196014
v 0.219387 0.326432 -0.196014
v 0.221691 0.327991 -0.195397
v 0.221691 0.326432 -0.195397
v 0.223378 0.327991 -0.193710
v 0.223378 0.326432 -0.193710
v 0.223996 0.327991 -0.191406
v 0.223996 0.326432 -0.191406
v 0.223378 0.327991 -0.189102
v 0.223378 0.326432 -0.189102
v 0.221691 0.327991 -0.187415
v 0.221691 0.326432 -0.187415
v 0.219387 0.327991 -0.186797
v 0.219387 0.326432 -0.186797
v 0.217083 0.327991 -0.187415
v 0.217083 0.326432 -0.187415
v 0.215396 0.327991 -0.189102
v 0.215396 0.326432 -0.189102
v 0.214779 0.327991 -0.191406
v 0.214779 0.326432 -0.191406
v 0.215396 0.327991 -0.193710
v 0.215396 0.326432 -0.193710
v 0.217083 0.327991 -0.195397
v 0.217083 0.326432 -0.195397
v 0.219387 0.326432 -0.191406
v -0.227708 0.319879 0.196014
v -0.226149 0.319879 0.196014
v -0.227708 0.317575 0.195397
v -0.226149 0.317575 0.195397
v -0.227708 0.315888 0.193710
v -0.226149 0.315888 0.193710
v -0.227708 0.315271 0.191406
v -0.226149 0.315271 0.191406
v -0.227708 0.315888 0.189101
v -0.226149 0.315888 0.189101
v -0.227708 0.317575 0.187415
v -0.226149 0.317575 0.187415
v -0.227708 0.319879 0.186797
v -0.226149 0.319879 0.186797
v -0.227708 0.322183 0.187415
v -0.226149 0.322183 0.187415
v -0.227708 0.323870 0.189101
v -0.226149 0.323870 0.189101
v -0.227708 0.324488 0.191406
v -0.226149 0.324488 0.191406
v -0.227708 0.323870 0.193710
v -0.226149 0.323870 0.193710
v -0.227708 0.322183 0.195397
v -0.226149 0.322183 0.195397
v -0.226149 0.319879 0.191406
v -0.219387 0.327991 0.196014
v -0.219387 0.326432 0.196014
v -0.221691 0.327991 0.195397
v -0.221691 0.326432 0.195397
v -0.223378 0.327991 0.193710
v -0.223378 0.326432 0.193710
v -0.223996 0.327991 0.191406
v -0.223996 0.326432 0.191406
v -0.223378 0.327991 0.189101
v -0.223378 0.326432 0.189101
v -0.221691 0.327991 0.187415
v -0.221691 0.326432 0.187415
v -0.219387 0.327991 0.186797
v -0.219387 0.326432 0.186797
v -0.217083 0.327991 0.187415
v -0.217083 0.326432 0.187415
v -0.215396 0.327991 0.189101
v -0.215396 0.326432 0.189101
v -0.214779 0.327991 0.191406
v -0.214779 0.326432 0.191406
v -0.215396 0.327991 0.193710
v -0.215396 0.326432 0.193710
v -0.217083 0.327991 0.195397
v -0.217083 0.326432 0.195397
v -0.219387 0.326432 0.191406
v 0.227708 0.319879 0.196014
v 0.226149 0.319879 0.196014
v 0.227708 0.317575 0.195397
v 0.226149 0.317575 0.195397
v 0.227708 0.315888 0.193710
v 0.226149 0.315888 0.193710
v 0.227708 0.315271 0.191406
v 0.226149 0.315271 0.191406
v 0.227708 0.315888 0.189101
v 0.226149 0.315888 0.189101
v 0.227708 0.317575 0.187415
v 0.226149 0.317575 0.187415
v 0.227708 0.319879 0.186797
v 0.226149 0.319879 0.186797
v 0.227708 0.322183 0.187415
v 0.226149 0.322183 0.187415
v 0.227708 0.323870 0.189101
v 0.226149 0.323870 0.189101
v 0.227708 0.324488 0.191406
v 0.226149 0.324488 0.191406
v 0.227708 0.323870 0.193710
v 0.226149 0.323870 0.193710
v 0.227708 0.322183 0.195397
v 0.226149 0.322183 0.195397
v 0.226149 0.319879 0.191406
v 0.219387 0.327991 0.196014
v 0.219387 0.326432 0.196014
v 0.221691 0.327991 0.195397
v 0.221691 0.326432 0.195397
v 0.223378 0.327991 0.193710
v 0.223378 0.326432 0.193710
v 0.223996 0.327991 0.191406
v 0.223996 0.326432 0.191406
v 0.223378 0.327991 0.189101
v 0.223378 0.326432 0.189101
v 0.221691 0.327991 0.187415
v 0.221691 0.326432 0.187415
v 0.219387 0.327991 0.186797
v 0.219387 0.326432 0.186797
v 0.217083 0.327991 0.187415
v 0.217083 0.326432 0.187415
v 0.215396 0.327991 0.189101
v 0.215396 0.326432 0.189101
v 0.214779 0.327991 0.191406
v 0.214779 0.326432 0.191406
v 0.215396 0.327991 0.193710
v 0.215396 0.326432 0.193710
v 0.217083 0.327991 0.195397
v 0.217083 0.326432 0.195397
v 0.219387 0.326432 0.191406
v -0.227708 0.517462 -0.196014
v -0.226149 0.517462 -0.196014
v -0.227708 0.515158 -0.195397
v -0.226149 0.515158 -0.195397
v -0.227708 0.513471 -0.193710
v -0.226149 0.513471 -0.193710
v -0.227708 0.512853 -0.191406
v -0.226149 0.512853 -0.191406
v -0.227708 0.513471 -0.189102
v -0.226149 0.513471 -0.189102
v -0.227708 0.515158 -0.187415
v -0.226149 0.515158 -0.187415
v -0.227708 0.517462 -0.186797
v -0.226149 0.517462 -0.186797
v -0.227708 0.519766 -0.187415
v -0.226149 0.519766 -0.187415
v -0.227708 0.521453 -0.189102
v -0.226149 0.521453 -0.189102
v -0.227708 0.522070 -0.191406
v -0.226149 0.522070 -0.191406
v -0.227708 0.521453 -0.193710
v -0.226149 0.521453 -0.193710
v -0.227708 0.519766 -0.195397
v -0.226149 0.519766 -0.195397
v -0.226149 0.517462 -0.191406
v -0.219387 0.525573 -0.196014
v -0.219387 0.524014 -0.196014
v -0.221691 0.525573 -0.195397
v -0.221691 0.524014 -0.195397
v -0.223378 0.525573 -0.193710
v -0.223378 0.524014 -0.193710
v -0.223996 0.525573 -0.191406
v -0.223996 0.524014 -0.191406
v -0.223378 0.525573 -0.189102
v -0.223378 0.524014 -0.189102
v -0.221691 0.525573 -0.187415
v -0.221691 0.524014 -0.187415
v -0.219387 0.525573 -0.186797
v -0.219387 0.524014 -0.186797
v -0.217083 0.525573 -0.187415
v -0.217083 0.524014 -0.187415
v -0.215396 0.525573 -0.189102
v -0.215396 0.524014 -0.189102
v -0.214779 0.525573 -0.191406
v -0.214779 0.524014 -0.191406
v -0.215396 0.525573 -0.193710
v -0.215396 0.524014 -0.193710
v -0.217083 0.525573 -0.195397
v -0.217083 0.524014 -0.195397
v -0.219387 0.524014 -0.191406
v 0.227708 0.517462 -0.196014
v 0.226149 0.517462 -0.196014
v 0.227708 0.515158 -0.195397
v 0.226149 0.515158 -0.195397
v 0.227708 0.513471 -0.193710
v 0.226149 0.513471 -0.193710
v 0.227708 0.512853 -0.191406
v 0.226149 0.512853 -0.191406
v 0.227708 0.513471 -0.189102
v 0.226149 0.513471 -0.189102
v 0.227708 0.515158 -0.187415
v 0.226149 0.515158 -0.187415
v 0.227708 0.517462 -0.186797
v 0.226149 0.517462 -0.186797
v 0.227708 0.519766 -0.187415
v 0.226149 0.519766 -0.187415
v 0.227708 0.521453 -0.189102
v 0.226149 0.521453 -0.189102
v 0.227708 0.522070 -0.191406
v 0.226149 0.522070 -0.191406
v 0.227708 0.521453 -0.193710
v 0.226149 0.521453 -0.193710
v 0.227708 0.519766 -0.195397
v 0.226149 0.519766 -0.195397
v 0.226149 0.517462 -0.191406
v 0.219387 0.525573 -0.196014
v 0.219387 0.524014 -0.196014
v 0.221691 0.525573 -0.195397
v 0.221691 0.524014 -0.195397
v 0.223378 0.525573 -0.193710
v 0.223378 0.524014 -0.193710
v 0.223996 0.525573 -0.191406
v 0.223996 0.524014 -0.191406
v 0.223378 0.525573 -0.189102
v 0.223378 0.524014 -0.189102
v 0.221691 0.525573 -0.187415
v 0.221691 0.524014 -0.187415
v 0.219387 0.525573 -0.186797
v 0.219387 0.524014 -0.186797
v 0.217083 0.525573 -0.187415
v 0.217083 0.524014 -0.187415
v 0.215396 0.525573 -0.189102
v 0.215396 0.524014 -0.189102
v 0.214779 0.525573 -0.191406
v 0.214779 0.524014 -0.191406
v 0.215396 0.525573 -0.193710
v 0.215396 0.524014 -0.193710
v 0.217083 0.525573 -0.195397
v 0.217083 0.524014 -0.195397
v 0.219387 0.524014 -0.191406
v -0.227708 0.517462 0.196014
v -0.226149 0.517462 0.196014
v -0.227708 0.515158 0.195397
v -0.226149 0.515158 0.195397
v -0.227708 0.513471 0.193710
v -0.226149 0.513471 0.193710
v -0.227708 0.512853 0.191406
v -0.226149 0.512853 0.191406
v -0.227708 0.513471 0.189101
v -0.226149 0.513471 0.189101
v -0.227708 0.515158 0.187415
v -0.226149 0.515158 0.187415
v -0.227708 0.517462 0.186797
v -0.226149 0.517462 0.186797
v -0.227708 0.519766 0.187415
v -0.226149 0.519766 0.187415
v -0.227708 0.521453 0.189101
v -0.226149 0.521453 0.189101
v -0.227708 0.522070 0.191406
v -0.226149 0.522070 0.191406
v -0.227708 0.521453 0.193710
v -0.226149 0.521453 0.193710
v -0.227708 0.519766 0.195397
v -0.226149 0.519766 0.195397
v -0.226149 0.517462 0.191406
v -0.219387 0.525573 0.196014
v -0.219387 0.524014 0.196014
v -0.221691 0.525573 0.195397
v -0.221691 0.524014 0.195397
v -0.223378 0.525573 0.193710
v -0.223378 0.524014 0.193710
v -0.223996 0.525573 0.191406
v -0.223996 0.524014 0.191406
v -0.223378 0.525573 0.189101
v -0.223378 0.524014 0.189101
v -0.221691 0.525573 0.187415
v -0.221691 0.524014 0.187415
v -0.219387 0.525573 0.186797
v -0.219387 0.524014 0.186797
v -0.217083 0.525573 0.187415
v -0.217083 0.524014 0.187415
v -0.215396 0.525573 0.189101
v -0.215396 0.524014 0.189101
v -0.214779 0.525573 0.191406
v -0.214779 0.524014 0.191406
v -0.215396 0.525573 0.193710
v -0.215396 0.524014 0.193710
v -0.217083 0.525573 0.195397
v -0.217083 0.524014 0.195397
v -0.219387 0.524014 0.191406
v 0.227708 0.517462 0.196014
v 0.226149 0.517462 0.196014
v 0.227708 0.515158 0.195397
v 0.226149 0.515158 0.195397
v 0.227708 0.513471 0.193710
v 0.226149 0.513471 0.193710
v 0.227708 0.512853 0.191406
v 0.226149 0.512853 0.191406
v 0.227708 0.513471 0.189101
v 0.226149 0.513471 0.189101
v 0.227708 0.515158 0.187415
v 0.226149 0.515158 0.187415
v 0.227708 0.517462 0.186797
v 0.226149 0.517462 0.186797
v 0.227708 0.519766 0.187415
v 0.226149 0.519766 0.187415
v 0.227708 0.521453 0.189101
v 0.226149 0.521453 0.189101
v 0.227708 0.522070 0.191406
v 0.226149 0.522070 0.191406
v 0.227708 0.521453 0.193710
v 0.226149 0.521453 0.193710
v 0.227708 0.519766 0.195397
v 0.226149 0.519766 0.195397
v 0.226149 0.517462 0.191406
v 0.219387 0.525573 0.196014
v 0.219387 0.524014 0.196014
v 0.221691 0.525573 0.195397
v 0.221691 0.524014 0.195397
v 0.223378 0.525573 0.193710
v 0.223378 0.524014 0.193710
v 0.223996 0.525573 0.191406
v 0.223996 0.524014 0.191406
v 0.223378 0.525573 0.189101
v 0.223378 0.524014 0.189101
v 0.221691 0.525573 0.187415
v 0.221691 0.524014 0.187415
v 0.219387 0.525573 0.186797
v 0.219387 0.524014 0.186797
v 0.217083 0.525573 0.187415
v 0.217083 0.524014 0.187415
v 0.215396 0.525573 0.189101
v 0.215396 0.524014 0.189101
v 0.214779 0.525573 0.191406
v 0.214779 0.524014 0.191406
v 0.215396 0.525573 0.193710
v 0.215396 0.524014 0.193710
v 0.217083 0.525573 0.195397
v 0.217083 0.524014 0.195397
v 0.219387 0.524014 0.191406
v 0.229091 0.049853 -0.202724
v 0.229091 0.005266 -0.202724
v 0.267282 0.006457 -0.179030
v 0.267282 0.307626 -0.179030
v 0.252724 0.349820 -0.179030
v 0.229091 0.050498 -0.202724
v 0.229091 0.049902 -0.202128
v 0.229091 0.050323 -0.202302
v 0.229091 0.005217 -0.202128
v 0.229091 0.004621 -0.202724
v 0.229091 0.004795 -0.202302
v 0.252128 0.049902 -0.179030
v 0.252724 0.050498 -0.179030
v 0.252302 0.050323 -0.179030
v 0.252724 0.004621 -0.179030
v 0.252128 0.005217 -0.179030
v 0.252302 0.004795 -0.179030
v 0.229091 0.350465 -0.202724
v 0.229091 0.349869 -0.202128
v 0.229091 0.350290 -0.202302
v 0.229091 0.306385 -0.202128
v 0.229091 0.305789 -0.202724
v 0.229091 0.305964 -0.202302
v 0.252128 0.349869 -0.179030
v 0.252724 0.350465 -0.179030
v 0.252302 0.350290 -0.179030
v 0.252724 0.305789 -0.179030
v 0.252128 0.306385 -0.179030
v 0.252302 0.305964 -0.179030
v 0.229091 0.004621 -0.217282
v 0.229091 0.006621 -0.219282
v 0.229091 0.005206 -0.218696
v 0.229091 0.048498 -0.219282
v 0.229091 0.050498 -0.217282
v 0.267282 0.048662 -0.179030
v 0.229091 0.049912 -0.218696
v 0.229091 0.305789 -0.217282
v 0.229091 0.307789 -0.219282
v 0.229091 0.306375 -0.218696
v 0.229091 0.348465 -0.219282
v 0.229091 0.350465 -0.217282
v 0.229091 0.348628 -0.217282
v 0.229091 0.349879 -0.218696
v 0.269282 0.006621 -0.179030
v 0.267282 0.004621 -0.179030
v 0.268696 0.005206 -0.179030
v 0.267282 0.350465 -0.179030
v 0.269282 0.348465 -0.179030
v 0.267282 0.348628 -0.179030
v 0.268696 0.349879 -0.179030
v 0.267282 0.050498 -0.179030
v 0.269282 0.048498 -0.179030
v 0.252724 0.049853 -0.179030
v 0.268696 0.049912 -0.179030
v 0.269282 0.307789 -0.179030
v 0.267282 0.305789 -0.179030
v 0.268696 0.306375 -0.179030
v 0.252724 0.306434 -0.179030
v 0.252724 0.005266 -0.179030
v 0.229091 0.349820 -0.202724
v 0.229091 0.307626 -0.217282
v 0.229091 0.306434 -0.202724
v 0.229091 0.048662 -0.217282
v 0.229091 0.006457 -0.217282
v -0.229091 0.049853 -0.202724
v -0.229091 0.005266 -0.202724
v -0.267282 0.006457 -0.179030
v -0.267282 0.307626 -0.179030
v -0.252724 0.349820 -0.179030
v -0.229091 0.050498 -0.202724
v -0.229091 0.049902 -0.202128
v -0.229091 0.050323 -0.202302
v -0.229091 0.005217 -0.202128
v -0.229091 0.004621 -0.202724
v -0.229091 0.004795 -0.202302
v -0.252128 0.049902 -0.179030
v -0.252724 0.050498 -0.179030
v -0.252302 0.050323 -0.179030
v -0.252724 0.004621 -0.179030
v -0.252128 0.005217 -0.179030
v -0.252302 0.004795 -0.179030
v -0.229091 0.350465 -0.202724
v -0.229091 0.349869 -0.202128
v -0.229091 0.350290 -0.202302
v -0.229091 0.306385 -0.202128
v -0.229091 0.305789 -0.202724
v -0.229091 0.305964 -0.202302
v -0.252128 0.349869 -0.179030
v -0.252724 0.350465 -0.179030
v -0.252302 0.350290 -0.179030
v -0.252724 0.305789 -0.179030
v -0.252128 0.306385 -0.179030
v -0.252302 0.305964 -0.179030
v -0.229091 0.004621 -0.217282
v -0.229091 0.006621 -0.219282
v -0.229091 0.005206 -0.218696
v -0.229091 0.048498 -0.219282
v -0.229091 0.050498 -0.217282
v -0.267282 0.048662 -0.179030
v -0.229091 0.049912 -0.218696
v -0.229091 0.305789 -0.217282
v -0.229091 0.307789 -0.219282
v -0.229091 0.306375 -0.218696
v -0.229091 0.348465 -0.219282
v -0.229091 0.350465 -0.217282
v -0.229091 0.348628 -0.217282
v -0.229091 0.349879 -0.218696
v -0.269282 0.006621 -0.179030
v -0.267282 0.004621 -0.179030
v -0.268696 0.005206 -0.179030
v -0.267282 0.350465 -0.179030
v -0.269282 0.348465 -0.179030
v -0.267282 0.348628 -0.179030
v -0.268696 0.349879 -0.179030
v -0.267282 0.050498 -0.179030
v -0.269282 0.048498 -0.179030
v -0.252724 0.049853 -0.179030
v -0.268696 0.049912 -0.179030
v -0.269282 0.307789 -0.179030
v -0.267282 0.305789 -0.179030
v -0.268696 0.306375 -0.179030
v -0.252724 0.306434 -0.179030
v -0.252724 0.005266 -0.179030
v -0.229091 0.349820 -0.202724
v -0.229091 0.307626 -0.217282
v -0.229091 0.306434 -0.202724
v -0.229091 0.048662 -0.217282
v -0.229091 0.006457 -0.217282
v 0.229091 0.049853 0.202724
v 0.229091 0.005266 0.202724
v 0.267282 0.006457 0.179030
v 0.267282 0.307626 0.179030
v 0.252724 0.349820 0.179030
v 0.229091 0.050498 0.202724
v 0.229091 0.049902 0.202128
v 0.229091 0.050323 0.202302
v 0.229091 0.005217 0.202128
v 0.229091 0.004621 0.202724
v 0.229091 0.004795 0.202302
v 0.252128 0.049902 0.179030
v 0.252724 0.050498 0.179030
v 0.252302 0.050323 0.179030
v 0.252724 0.004621 0.179030
v 0.252128 0.005217 0.179030
v 0.252302 0.004795 0.179030
v 0.229091 0.350465 0.202724
v 0.229091 0.349869 0.202128
v 0.229091 0.350290 0.202302
v 0.229091 0.306385 0.202128
v 0.229091 0.305789 0.202724
v 0.229091 0.305964 0.202302
v 0.252128 0.349869 0.179030
v 0.252724 0.350465 0.179030
v 0.252302 0.350290 0.179030
v 0.252724 0.305789 0.179030
v 0.252128 0.306385 0.179030
v 0.252302 0.305964 0.179030
v 0.229091 0.004621 0.217282
v 0.229091 0.006621 0.219282
v 0.229091 0.005206 0.218696
v 0.229091 0.048498 0.219282
v 0.229091 0.050498 0.217282
v 0.267282 0.048662 0.179030
v 0.229091 0.049912 0.218696
v 0.229091 0.305789 0.217282
v 0.229091 0.307789 0.219282
v 0.229091 0.306375 0.218696
v 0.229091 0.348465 0.219282
v 0.229091 0.350465 0.217282
v 0.229091 0.348628 0.217282
v 0.229091 0.349879 0.218696
v 0.269282 0.006621 0.179030
v 0.267282 0.004621 0.179030
v 0.268696 0.005206 0.179030
v 0.267282 0.350465 0.179030
v 0.269282 0.348465 0.179030
v 0.267282 0.348628 0.179030
v 0.268696 0.349879 0.179030
v 0.267282 0.050498 0.179030
v 0.269282 0.048498 0.179030
v 0.252724 0.049853 0.179030
v 0.268696 0.049912 0.179030
v 0.269282 0.307789 0.179030
v 0.267282 0.305789 0.179030
v 0.268696 0.306375 0.179030
v 0.252724 0.306434 0.179030
v 0.252724 0.005266 0.179030
v 0.229091 0.349820 0.202724
v 0.229091 0.307626 0.217282
v 0.229091 0.306434 0.202724
v 0.229091 0.048662 0.217282
v 0.229091 0.006457 0.217282
v -0.229091 0.049853 0.202724
v -0.229091 0.005266 0.202724
v -0.267282 0.006457 0.179030
v -0.267282 0.307626 0.179030
v -0.252724 0.349820 0.179030
v -0.229091 0.050498 0.202724
v -0.229091 0.049902 0.202128
v -0.229091 0.050323 0.202302
v -0.229091 0.005217 0.202128
v -0.229091 0.004621 0.202724
v -0.229091 0.004795 0.202302
v -0.252128 0.049902 0.179030
v -0.252724 0.050498 0.179030
v -0.252302 0.050323 0.179030
v -0.252724 0.004621 0.179030
v -0.252128 0.005217 0.179030
v -0.252302 0.004795 0.179030
v -0.229091 0.350465 0.202724
v -0.229091 0.349869 0.202128
v -0.229091 0.350290 0.202302
v -0.229091 0.306385 0.202128
v -0.229091 0.305789 0.202724
v -0.229091 0.305964 0.202302
v -0.252128 0.349869 0.179030
v -0.252724 0.350465 0.179030
v -0.252302 0.350290 0.179030
v -0.252724 0.305789 0.179030
v -0.252128 0.306385 0.179030
v -0.252302 0.305964 0.179030
v -0.229091 0.004621 0.217282
v -0.229091 0.006621 0.219282
v -0.229091 0.005206 0.218696
v -0.229091 0.048498 0.219282
v -0.229091 0.050498 0.217282
v -0.267282 0.048662 0.179030
v -0.229091 0.049912 0.218696
v -0.229091 0.305789 0.217282
v -0.229091 0.307789 0.219282
v -0.229091 0.306375 0.218696
v -0.229091 0.348465 0.219282
v -0.229091 0.350465 0.217282
v -0.229091 0.348628 0.217282
v -0.229091 0.349879 0.218696
v -0.269282 0.006621 0.179030
v -0.267282 0.004621 0.179030
v -0.268696 0.005206 0.179030
v -0.267282 0.350465 0.179030
v -0.269282 0.348465 0.179030
v -0.267282 0.348628 0.179030
v -0.268696 0.349879 0.179030
v -0.267282 0.050498 0.179030
v -0.269282 0.048498 0.179030
v -0.252724 0.049853 0.179030
v -0.268696 0.049912 0.179030
v -0.269282 0.307789 0.179030
v -0.267282 0.305789 0.179030
v -0.268696 0.306375 0.179030
v -0.252724 0.306434 0.179030
v -0.252724 0.005266 0.179030
v -0.229091 0.349820 0.202724
v -0.229091 0.307626 0.217282
v -0.229091 0.306434 0.202724
v -0.229091 0.048662 0.217282
v -0.229091 0.006457 0.217282
v -0.227469 0.027474 -0.181640
v -0.211847 0.027474 -0.181640
v -0.227469 0.011853 -0.181640
v -0.227469 0.029446 -0.181640
v -0.211847 0.029446 -0.181640
v -0.229372 0.011853 -0.181640
v -0.229372 0.027474 -0.181640
v -0.229372 0.029446 -0.181640
v -0.211847 0.027474 -0.183299
v -0.227469 0.027474 -0.183299
v -0.227469 0.011853 -0.183299
v -0.229372 0.011853 -0.183299
v -0.211847 0.029446 -0.183299
v -0.227469 0.027474 -0.201171
v -0.211847 0.027474 -0.201171
v -0.227469 0.011853 -0.201171
v -0.227469 0.029446 -0.201171
v -0.211847 0.029446 -0.201171
v -0.229372 0.011853 -0.201171
v -0.229372 0.027474 -0.201171
v -0.229372 0.029446 -0.201171
v -0.211847 0.027474 -0.199513
v -0.227469 0.027474 -0.199513
v -0.227469 0.011853 -0.199513
v -0.229372 0.011853 -0.199513
v -0.211847 0.029446 -0.199513
v 0.227469 0.027474 -0.181640
v 0.211847 0.027474 -0.181640
v 0.227469 0.011853 -0.181640
v 0.227469 0.029446 -0.181640
v 0.211847 0.029446 -0.181640
v 0.229372 0.011853 -0.181640
v 0.229372 0.027474 -0.181640
v 0.229372 0.029446 -0.181640
v 0.211847 0.027474 -0.183299
v 0.227469 0.027474 -0.183299
v 0.227469 0.011853 -0.183299
v 0.229372 0.011853 -0.183299
v 0.211847 0.029446 -0.183299
v 0.227469 0.027474 -0.201171
v 0.211847 0.027474 -0.201171
v 0.227469 0.011853 -0.201171
v 0.227469 0.029446 -0.201171
v 0.211847 0.029446 -0.201171
v 0.229372 0.011853 -0.201171
v 0.229372 0.027474 -0.201171
v 0.229372 0.029446 -0.201171
v 0.211847 0.027474 -0.199513
v 0.227469 0.027474 -0.199513
v 0.227469 0.011853 -0.199513
v 0.229372 0.011853 -0.199513
v 0.211847 0.029446 -0.199513
v -0.227469 0.027474 0.181640
v -0.211847 0.027474 0.181640
v -0.227469 0.011853 0.181640
v -0.227469 0.029446 0.181640
v -0.211847 0.029446 0.181640
v -0.229372 0.011853 0.181640
v -0.229372 0.027474 0.181640
v -0.229372 0.029446 0.181640
v -0.211847 0.027474 0.183299
v -0.227469 0.027474 0.183299
v -0.227469 0.011853 0.183299
v -0.229372 0.011853 0.183299
v -0.211847 0.029446 0.183299
v -0.227469 0.027474 0.201171
v -0.211847 0.027474 0.201171
v -0.227469 0.011853 0.201171
v -0.227469 0.029446 0.201171
v -0.211847 0.029446 0.201171
v -0.229372 0.011853 0.201171
v -0.229372 0.027474 0.201171
v -0.229372 0.029446 0.201171
v -0.211847 0.027474 0.199513
v -0.227469 0.027474 0.199513
v -0.227469 0.011853 0.199513
v -0.229372 0.011853 0.199513
v -0.211847 0.029446 0.199513
v 0.227469 0.027474 0.181640
v 0.211847 0.027474 0.181640
v 0.227469 0.011853 0.181640
v 0.227469 0.029446 0.181640
v 0.211847 0.029446 0.181640
v 0.229372 0.011853 0.181640
v 0.229372 0.027474 0.181640
v 0.229372 0.029446 0.181640
v 0.211847 0.027474 0.183299
v 0.227469 0.027474 0.183299
v 0.227469 0.011853 0.183299
v 0.229372 0.011853 0.183299
v 0.211847 0.029446 0.183299
v 0.227469 0.027474 0.201171
v 0.211847 0.027474 0.201171
v 0.227469 0.011853 0.201171
v 0.227469 0.029446 0.201171
v 0.211847 0.029446 0.201171
v 0.229372 0.011853 0.201171
v 0.229372 0.027474 0.201171
v 0.229372 0.029446 0.201171
v 0.211847 0.027474 0.199513
v 0.227469 0.027474 0.199513
v 0.227469 0.011853 0.199513
v 0.229372 0.011853 0.199513
v 0.211847 0.029446 0.199513
v -0.227469 0.327690 -0.181640
v -0.211847 0.327690 -0.181640
v -0.227469 0.312068 -0.181640
v -0.227469 0.329661 -0.181640
v -0.211847 0.329661 -0.181640
v -0.229372 0.312068 -0.181640
v -0.229372 0.327690 -0.181640
v -0.229372 0.329661 -0.181640
v -0.211847 0.327690 -0.183299
v -0.227469 0.327690 -0.183299
v -0.227469 0.312068 -0.183299
v -0.229372 0.312068 -0.183299
v -0.211847 0.329661 -0.183299
v -0.227469 0.327690 -0.201171
v -0.211847 0.327690 -0.201171
v -0.227469 0.312068 -0.201171
v -0.227469 0.329661 -0.201171
v -0.211847 0.329661 -0.201171
v -0.229372 0.312068 -0.201171
v -0.229372 0.327690 -0.201171
v -0.229372 0.329661 -0.201171
v -0.211847 0.327690 -0.199513
v -0.227469 0.327690 -0.199513
v -0.227469 0.312068 -0.199513
v -0.229372 0.312068 -0.199513
v -0.211847 0.329661 -0.199513
v 0.227469 0.327690 -0.181640
v 0.211847 0.327690 -0.181640
v 0.227469 0.312068 -0.181640
v 0.227469 0.329661 -0.181640
v 0.211847 0.329661 -0.181640
v 0.229372 0.312068 -0.181640
v 0.229372 0.327690 -0.181640
v 0.229372 0.329661 -0.181640
v 0.211847 0.327690 -0.183299
v 0.227469 0.327690 -0.183299
v 0.227469 0.312068 -0.183299
v 0.229372 0.312068 -0.183299
v 0.211847 0.329661 -0.183299
v 0.227469 0.327690 -0.201171
v 0.211847 0.327690 -0.201171
v 0.227469 0.312068 -0.201171
v 0.227469 0.329661 -0.201171
v 0.211847 0.329661 -0.201171
v 0.229372 0.312068 -0.201171
v 0.229372 0.327690 -0.201171
v 0.229372 0.329661 -0.201171
v 0.211847 0.327690 -0.199513
v 0.227469 0.327690 -0.199513
v 0.227469 0.312068 -0.199513
v 0.229372 0.312068 -0.199513
v 0.211847 0.329661 -0.199513
v -0.227469 0.327690 0.181640
v -0.211847 0.327690 0.181640
v -0.227469 0.312068 0.181640
v -0.227469 0.329661 0.181640
v -0.211847 0.329661 0.181640
v -0.229372 0.312068 0.181640
v -0.229372 0.327690 0.181640
v -0.229372 0.329661 0.181640
v -0.211847 0.327690 0.183299
v -0.227469 0.327690 0.183299
v -0.227469 0.312068 0.183299
v -0.229372 0.312068 0.183299
v -0.211847 0.329661 0.183299
v -0.227469 0.327690 0.201171
v -0.211847 0.327690 0.201171
v -0.227469 0.312068 0.201171
v -0.227469 0.329661 0.201171
v -0.211847 0.329661 0.201171
v -0.229372 0.312068 0.201171
v -0.229372 0.327690 0.201171
v -0.229372 0.329661 0.201171
v -0.211847 0.327690 0.199513
v -0.227469 0.327690 0.199513
v -0.227469 0.312068 0.199513
v -0.229372 0.312068 0.199513
v -0.211847 0.329661 0.199513
v 0.227469 0.327690 0.181640
v 0.211847 0.327690 0.181640
v 0.227469 0.312068 0.181640
v 0.227469 0.329661 0.181640
v 0.211847 0.329661 0.181640
v 0.229372 0.312068 0.181640
v 0.229372 0.327690 0.181640
v 0.229372 0.329661 0.181640
v 0.211847 0.327690 0.183299
v 0.227469 0.327690 0.183299
v 0.227469 0.312068 0.183299
v 0.229372 0.312068 0.183299
v 0.211847 0.329661 0.183299
v 0.227469 0.327690 0.201171
v 0.211847 0.327690 0.201171
v 0.227469 0.312068 0.201171
v 0.227469 0.329661 0.201171
v 0.211847 0.329661 0.201171
v 0.229372 0.312068 0.201171
v 0.229372 0.327690 0.201171
v 0.229372 0.329661 0.201171
v 0.211847 0.327690 0.199513
v 0.227469 0.327690 0.199513
v 0.227469 0.312068 0.199513
v 0.229372 0.312068 0.199513
v 0.211847 0.329661 0.199513
v -0.227469 0.525272 -0.181640
v -0.211847 0.525272 -0.181640
v -0.227469 0.509651 -0.181640
v -0.227469 0.527244 -0.181640
v -0.211847 0.527244 -0.181640
v -0.229372 0.509651 -0.181640
v -0.229372 0.525272 -0.181640
v -0.229372 0.527244 -0.181640
v -0.211847 0.525272 -0.183299
v -0.227469 0.525272 -0.183299
v -0.227469 0.509651 -0.183299
v -0.229372 0.509651 -0.183299
v -0.211847 0.527244 -0.183299
v -0.227469 0.525272 -0.201171
v -0.211847 0.525272 -0.201171
v -0.227469 0.509651 -0.201171
v -0.227469 0.527244 -0.201171
v -0.211847 0.527244 -0.201171
v -0.229372 0.509651 -0.201171
v -0.229372 0.525272 -0.201171
v -0.229372 0.527244 -0.201171
v -0.211847 0.525272 -0.199513
v -0.227469 0.525272 -0.199513
v -0.227469 0.509651 -0.199513
v -0.229372 0.509651 -0.199513
v -0.211847 0.527244 -0.199513
v 0.227469 0.525272 -0.181640
v 0.211847 0.525272 -0.181640
v 0.227469 0.509651 -0.181640
v 0.227469 0.527244 -0.181640
v 0.211847 0.527244 -0.181640
v 0.229372 0.509651 -0.181640
v 0.229372 0.525272 -0.181640
v 0.229372 0.527244 -0.181640
v 0.211847 0.525272 -0.183299
v 0.227469 0.525272 -0.183299
v 0.227469 0.509651 -0.183299
v 0.229372 0.509651 -0.183299
v 0.211847 0.527244 -0.183299
v 0.227469 0.525272 -0.201171
v 0.211847 0.525272 -0.201171
v 0.227469 0.509651 -0.201171
v 0.227469 0.527244 -0.201171
v 0.211847 0.527244 -0.201171
v 0.229372 0.509651 -0.201171
v 0.229372 0.525272 -0.201171
v 0.229372 0.527244 -0.201171
v 0.211847 0.525272 -0.199513
v 0.227469 0.525272 -0.199513
v 0.227469 0.509651 -0.199513
v 0.229372 0.509651 -0.199513
v 0.211847 0.527244 -0.199513
v -0.227469 0.525272 0.181640
v -0.211847 0.525272 0.181640
v -0.227469 0.509651 0.181640
v -0.227469 0.527244 0.181640
v -0.211847 0.527244 0.181640
v -0.229372 0.509651 0.181640
v -0.229372 0.525272 0.181640
v -0.229372 0.527244 0.181640
v -0.211847 0.525272 0.183299
v -0.227469 0.525272 0.183299
v -0.227469 0.509651 0.183299
v -0.229372 0.509651 0.183299
v -0.211847 0.527244 0.183299
v -0.227469 0.525272 0.201171
v -0.211847 0.525272 0.201171
v -0.227469 0.509651 0.201171
v -0.227469 0.527244 0.201171
v -0.211847 0.527244 0.201171
v -0.229372 0.509651 0.201171
v -0.229372 0.525272 0.201171
v -0.229372 0.527244 0.201171
v -0.211847 0.525272 0.199513
v -0.227469 0.525272 0.199513
v -0.227469 0.509651 0.199513
v -0.229372 0.509651 0.199513
v -0.211847 0.527244 0.199513
v 0.227469 0.525272 0.181640
v 0.211847 0.525272 0.181640
v 0.227469 0.509651 0.181640
v 0.227469 0.527244 0.181640
v 0.211847 0.527244 0.181640
v 0.229372 0.509651 0.181640
v 0.229372 0.525272 0.181640
v 0.229372 0.527244 0.181640
v 0.211847 0.525272 0.183299
v 0.227469 0.525272 0.183299
v 0.227469 0.509651 0.183299
v 0.229372 0.509651 0.183299
v 0.211847 0.527244 0.183299
v 0.227469 0.525272 0.201171
v 0.211847 0.525272 0.201171
v 0.227469 0.509651 0.201171
v 0.227469 0.527244 0.201171
v 0.211847 0.527244 0.201171
v 0.229372 0.509651 0.201171
v 0.229372 0.525272 0.201171
v 0.229372 0.527244 0.201171
v 0.211847 0.525272 0.199513
v 0.227469 0.525272 0.199513
v 0.227469 0.509651 0.199513
v 0.229372 0.509651 0.199513
v 0.211847 0.527244 0.199513
v -0.251788 -0.002356 -0.217298
v -0.251788 -0.000616 -0.217298
v -0.244463 -0.002356 -0.215335
v -0.244463 -0.000616 -0.215335
v -0.239101 -0.002356 -0.209973
v -0.239101 -0.000616 -0.209973
v -0.237138 -0.002356 -0.202648
v -0.237138 -0.000616 -0.202648
v -0.239101 -0.002356 -0.195323
v -0.239101 -0.000616 -0.195323
v -0.244463 -0.002356 -0.189961
v -0.244463 -0.000616 -0.189961
v -0.251788 -0.002356 -0.187998
v -0.251788 -0.000616 -0.187998
v -0.259113 -0.002356 -0.189961
v -0.259113 -0.000616 -0.189961
v -0.264475 -0.002356 -0.195323
v -0.264475 -0.000616 -0.195323
v -0.266438 -0.002356 -0.202648
v -0.266438 -0.000616 -0.202648
v -0.264475 -0.002356 -0.209973
v -0.264475 -0.000616 -0.209973
v -0.259113 -0.002356 -0.215335
v -0.259113 -0.000616 -0.215335
v -0.251788 -0.002356 -0.202648
v 0.251995 -0.002356 -0.217298
v 0.251995 -0.000616 -0.217298
v 0.259320 -0.002356 -0.215335
v 0.259320 -0.000616 -0.215335
v 0.264683 -0.002356 -0.209973
v 0.264683 -0.000616 -0.209973
v 0.266645 -0.002356 -0.202648
v 0.266645 -0.000616 -0.202648
v 0.264683 -0.002356 -0.195323
v 0.264683 -0.000616 -0.195323
v 0.259320 -0.002356 -0.189961
v 0.259320 -0.000616 -0.189961
v 0.251995 -0.002356 -0.187998
v 0.251995 -0.000616 -0.187998
v 0.244670 -0.002356 -0.189961
v 0.244670 -0.000616 -0.189961
v 0.239308 -0.002356 -0.195323
v 0.239308 -0.000616 -0.195323
v 0.237346 -0.002356 -0.202648
v 0.237346 -0.000616 -0.202648
v 0.239308 -0.002356 -0.209973
v 0.239308 -0.000616 -0.209973
v 0.244670 -0.002356 -0.215335
v 0.244670 -0.000616 -0.215335
v 0.251995 -0.002356 -0.202648
v 0.251995 -0.002356 0.187489
v 0.251995 -0.000616 0.187489
v 0.259320 -0.002356 0.189452
v 0.259320 -0.000616 0.189452
v 0.264683 -0.002356 0.194814
v 0.264683 -0.000616 0.194814
v 0.266645 -0.002356 0.202139
v 0.266645 -0.000616 0.202139
v 0.264683 -0.002356 0.209464
v 0.264683 -0.000616 0.209464
v 0.259320 -0.002356 0.214826
v 0.259320 -0.000616 0.214826
v 0.251995 -0.002356 0.216789
v 0.251995 -0.000616 0.216789
v 0.244670 -0.002356 0.214826
v 0.244670 -0.000616 0.214826
v 0.239308 -0.002356 0.209464
v 0.239308 -0.000616 0.209464
v 0.237346 -0.002356 0.202139
v 0.237346 -0.000616 0.202139
v 0.239308 -0.002356 0.194814
v 0.239308 -0.000616 0.194814
v 0.244670 -0.002356 0.189452
v 0.244670 -0.000616 0.189452
v 0.251995 -0.002356 0.202139
v -0.252888 -0.002356 0.187489
v -0.252888 -0.000616 0.187489
v -0.245563 -0.002356 0.189452
v -0.245563 -0.000616 0.189452
v -0.240201 -0.002356 0.194814
v -0.240201 -0.000616 0.194814
v -0.238238 -0.002356 0.202139
v -0.238238 -0.000616 0.202139
v -0.240201 -0.002356 0.209464
v -0.240201 -0.000616 0.209464
v -0.245563 -0.002356 0.214826
v -0.245563 -0.000616 0.214826
v -0.252888 -0.002356 0.216789
v -0.252888 -0.000616 0.216789
v -0.260213 -0.002356 0.214826
v -0.260213 -0.000616 0.214826
v -0.265575 -0.002356 0.209464
v -0.265575 -0.000616 0.209464
v -0.267538 -0.002356 0.202139
v -0.267538 -0.000616 0.202139
v -0.265575 -0.002356 0.194814
v -0.265575 -0.000616 0.194814
v -0.260213 -0.002356 0.189452
v -0.260213 -0.000616 0.189452
v -0.252888 -0.002356 0.202139
vn -0.9999 -0.0011 0.0136
vn -0.9999 0.0011 0.0136
vn -0.9999 0.0011 -0.0136
vn -0.9999 -0.0011 -0.0136
vn -0.0130 -0.0011 0.9999
vn -0.0000 -0.0011 1.0000
vn -0.0000 0.0004 1.0000
vn -0.0130 0.0004 0.9999
vn 0.0137 -0.9998 -0.0135
vn 0.0134 -0.9998 0.0133
vn -0.0135 -0.9998 0.0137
vn -0.0135 -0.9998 -0.0135
vn -0.0136 -0.0011 -0.9999
vn -0.0136 0.0011 -0.9999
vn 0.0136 0.0011 -0.9999
vn 0.0136 -0.0011 -0.9999
vn 1.0000 -0.0011 -0.0000
vn 0.9999 -0.0011 -0.0130
vn 0.9999 0.0004 -0.0130
vn 1.0000 0.0004 0.0003
vn 0.0040 1.0000 0.0040
vn 0.0041 0.9999 -0.0132
vn -0.0129 0.9998 -0.0129
vn -0.0132 0.9999 0.0040
vn -0.0099 -0.7071 -0.7070
vn -0.5773 -0.5773 -0.5774
vn -0.7071 -0.0008 -0.7071
vn -0.7071 -0.7071 -0.0099
vn -0.7069 -0.0008 0.7073
vn -0.5773 -0.5773 0.5774
vn -0.0096 -0.7037 0.7104
vn -0.7071 -0.7071 0.0099
vn 0.7073 -0.0008 -0.7069
vn 0.5774 -0.5773 -0.5774
vn 0.0099 -0.7071 -0.7071
vn 0.7104 -0.7037 -0.0096
vn -0.7436 0.4554 0.4895
vn -0.0239 0.7053 0.7085
vn -0.7051 0.7091 0.0032
vn -0.7069 0.0003 0.7073
vn 0.4622 0.4728 -0.7502
vn 0.7073 0.7063 -0.0287
vn 0.7072 0.0003 -0.7070
vn 0.0036 0.7089 -0.7053
vn -0.7071 0.0008 -0.7071
vn -0.5773 0.5774 -0.5774
vn -0.0098 0.7094 -0.7047
vn -0.7047 0.7094 -0.0097
vn 0.7079 0.7063 0.0005
vn 0.7105 -0.7037 -0.0000
vn -0.0000 -0.7037 0.7105
vn 0.0005 0.7063 0.7079
vn 0.9999 -0.0011 0.0136
vn 0.9999 -0.0011 -0.0136
vn 0.9999 0.0011 -0.0136
vn 0.9999 0.0011 0.0136
vn 0.0130 -0.0011 0.9999
vn 0.0130 0.0004 0.9999
vn -0.0003 0.0004 1.0000
vn -0.0137 -0.9998 -0.0135
vn 0.0135 -0.9998 -0.0135
vn 0.0135 -0.9998 0.0137
vn -0.0134 -0.9998 0.0133
vn -1.0000 -0.0011 -0.0000
vn -1.0000 0.0004 -0.0000
vn -0.9999 0.0004 -0.0130
vn -0.9999 -0.0011 -0.0130
vn -0.0040 1.0000 0.0041
vn 0.0132 0.9999 0.0041
vn 0.0129 0.9998 -0.0129
vn -0.0040 0.9999 -0.0132
vn 0.7071 -0.0008 -0.7071
vn 0.5773 -0.5774 -0.5773
vn 0.7071 -0.7071 -0.0099
vn 0.0096 -0.7037 0.7104
vn 0.5773 -0.5773 0.5774
vn 0.7069 -0.0008 0.7073
vn 0.7071 -0.7071 0.0099
vn -0.0099 -0.7071 -0.7071
vn -0.5774 -0.5773 -0.5774
vn -0.7073 -0.0008 -0.7069
vn -0.7104 -0.7037 -0.0096
vn 0.7436 0.4554 0.4895
vn 0.7051 0.7091 0.0032
vn 0.0239 0.7053 0.7085
vn 0.7069 0.0003 0.7073
vn -0.4622 0.4728 -0.7502
vn -0.7072 0.0003 -0.7070
vn -0.7073 0.7064 -0.0287
vn -0.0036 0.7089 -0.7053
vn 0.0098 0.7094 -0.7047
vn 0.5773 0.5774 -0.5773
vn 0.7071 0.0008 -0.7071
vn 0.7047 0.7094 -0.0097
vn -0.7079 0.7063 0.0005
vn -0.7105 -0.7037 -0.0000
vn -0.0005 0.7063 0.7079
vn -0.0130 -0.0011 -0.9999
vn -0.0130 0.0004 -0.9999
vn 0.0003 0.0004 -1.0000
vn -0.0000 -0.0011 -1.0000
vn 0.0137 -0.9998 0.0135
vn -0.0135 -0.9998 0.0135
vn -0.0135 -0.9998 -0.0137
vn 0.0134 -0.9998 -0.0133
vn -0.0136 -0.0011 0.9999
vn 0.0136 -0.0011 0.9999
vn 0.0136 0.0011 0.9999
vn -0.0136 0.0011 0.9999
vn 1.0000 0.0004 -0.0000
vn 0.9999 0.0004 0.0130
vn 0.9999 -0.0011 0.0130
vn 0.0040 1.0000 -0.0041
vn -0.0132 0.9999 -0.0041
vn -0.0129 0.9998 0.0129
vn 0.0040 0.9999 0.0132
vn -0.7071 -0.0008 0.7071
vn -0.5773 -0.5774 0.5773
vn -0.0099 -0.7071 0.7071
vn -0.0096 -0.7037 -0.7104
vn -0.7069 -0.0008 -0.7073
vn 0.0099 -0.7071 0.7071
vn 0.5774 -0.5773 0.5774
vn 0.7073 -0.0008 0.7069
vn 0.7104 -0.7037 0.0096
vn -0.7436 0.4554 -0.4895
vn -0.7051 0.7091 -0.0032
vn -0.0239 0.7053 -0.7085
vn -0.7069 0.0003 -0.7073
vn 0.4622 0.4728 0.7502
vn 0.7072 0.0003 0.7070
vn 0.7073 0.7064 0.0287
vn 0.0036 0.7089 0.7053
vn -0.0098 0.7094 0.7047
vn -0.5773 0.5774 0.5773
vn -0.7071 0.0008 0.7071
vn -0.7047 0.7094 0.0097
vn 0.7079 0.7063 -0.0005
vn -0.0000 -0.7037 -0.7105
vn 0.0005 0.7063 -0.7079
vn 0.0130 -0.0011 -0.9999
vn -0.0000 0.0004 -1.0000
vn 0.0130 0.0004 -0.9999
vn -0.0137 -0.9998 0.0135
vn -0.0134 -0.9998 -0.0133
vn 0.0135 -0.9998 -0.0137
vn 0.0135 -0.9998 0.0135
vn -0.9999 -0.0011 0.0130
vn -0.9999 0.0004 0.0130
vn -1.0000 0.0004 -0.0003
vn -0.0040 1.0000 -0.0040
vn -0.0041 0.9999 0.0132
vn 0.0129 0.9998 0.0129
vn 0.0132 0.9999 -0.0040
vn 0.0099 -0.7071 0.7070
vn 0.7071 -0.0008 0.7071
vn 0.7069 -0.0008 -0.7073
vn 0.5773 -0.5773 -0.5774
vn 0.0096 -0.7037 -0.7104
vn -0.7073 -0.0008 0.7069
vn -0.5774 -0.5773 0.5774
vn -0.7104 -0.7037 0.0096
vn 0.7436 0.4554 -0.4895
vn 0.0239 0.7053 -0.7085
vn 0.7051 0.7091 -0.0032
vn 0.7069 0.0003 -0.7073
vn -0.4622 0.4728 0.7502
vn -0.7073 0.7063 0.0287
vn -0.7072 0.0003 0.7070
vn -0.0036 0.7089 0.7053
vn 0.7071 0.0008 0.7071
vn 0.5773 0.5774 0.5774
vn 0.0098 0.7094 0.7047
vn 0.7047 0.7094 0.0097
vn -0.7079 0.7063 -0.0005
vn -0.0005 0.7063 -0.7079
vn -0.0000 1.0000 -0.0000
vn 0.0077 1.0000 -0.0000
vn 0.0077 1.0000 -0.0001
vn 1.0000 -0.0000 -0.0000
vn -0.0000 0.7071 -0.7071
vn -0.0000 1.0000 -0.0077
vn 1.0000 0.0084 -0.0000
vn -0.0000 -0.0000 -1.0000
vn 1.0000 0.0083 -0.0000
vn 1.0000 0.0083 0.0001
vn 0.7071 0.7071 -0.0000
vn -0.0000 0.0084 -1.0000
vn -0.0000 -1.0000 -0.0000
vn -0.0000 0.0083 -1.0000
vn -0.0000 0.0001 -1.0000
vn -0.0077 1.0000 -0.0000
vn -0.0077 1.0000 0.0001
vn -1.0000 -0.0000 -0.0000
vn -0.0000 0.7071 0.7071
vn -0.0000 1.0000 0.0077
vn -1.0000 0.0084 -0.0000
vn -1.0000 0.0083 -0.0001
vn -1.0000 0.0083 -0.0000
vn -0.7071 0.7071 -0.0000
vn -1.0000 -0.0000 0.0001
vn -1.0000 -0.0000 -0.0001
vn -0.0000 -0.0000 1.0000
vn -0.0000 0.0084 1.0000
vn -0.0000 0.0083 1.0000
vn -0.0000 0.0001 1.0000
vn -0.0000 -0.9996 0.0292
vn -0.0000 -1.0000 -0.0092
vn 1.0000 -0.0024 -0.0000
vn 1.0000 0.0023 -0.0000
vn -1.0000 0.0080 -0.0000
vn -1.0000 -0.0080 -0.0000
vn 0.0092 -1.0000 0.0001
vn 0.7071 -0.7071 -0.0000
vn 0.0092 -1.0000 -0.0000
vn 0.0092 1.0000 -0.0000
vn 0.0092 1.0000 -0.0001
vn -0.0291 0.9996 0.0001
vn -0.0291 0.9996 -0.0000
vn -0.7071 -0.7071 -0.0000
vn -0.0291 -0.9996 -0.0000
vn -0.0291 -0.9996 -0.0001
vn -0.0001 0.0083 1.0000
vn -0.0000 -0.7071 0.7071
vn -0.0000 0.9996 0.0291
vn -0.0000 0.0080 1.0000
vn -0.0000 -0.7071 -0.7071
vn -0.0000 -0.0023 -1.0000
vn -0.0000 0.0024 -1.0000
vn -0.0000 1.0000 -0.0092
vn -0.0000 -0.0080 1.0000
vn -1.0000 -0.0024 -0.0000
vn -1.0000 0.0023 -0.0000
vn 1.0000 -0.0080 -0.0000
vn 1.0000 0.0080 -0.0000
vn -0.0092 -1.0000 -0.0000
vn -0.0092 -1.0000 -0.0001
vn -0.0092 1.0000 -0.0000
vn -0.0092 1.0000 0.0001
vn 0.0291 0.9996 -0.0000
vn 0.0291 0.9996 -0.0001
vn 0.0291 -0.9996 -0.0000
vn 0.0291 -0.9996 0.0001
vn -0.0000 -0.9996 -0.0292
vn -0.0000 -1.0000 0.0092
vn 0.0001 0.0083 -1.0000
vn -0.0000 -0.0080 -1.0000
vn -0.0000 0.9996 -0.0291
vn -0.0000 0.0080 -1.0000
vn -0.0000 -0.0023 1.0000
vn -0.0000 0.0024 1.0000
vn -0.0000 1.0000 0.0092
vn -0.0000 -0.5000 -0.8660
vn -0.0000 -0.8660 -0.5000
vn -0.0000 -0.8660 0.5000
vn -0.0000 -0.5000 0.8660
vn -0.0000 0.5000 0.8660
vn -0.0000 0.8660 0.5000
vn -0.0000 0.8660 -0.5000
vn -0.0000 0.5000 -0.8660
vn -0.5000 -0.0000 -0.8660
vn -0.8660 -0.0000 -0.5000
vn -0.8660 -0.0000 0.5000
vn -0.5000 -0.0000 0.8660
vn 0.5000 -0.0000 0.8660
vn 0.8660 -0.0000 0.5000
vn 0.8660 -0.0000 -0.5000
vn 0.5000 -0.0000 -0.8660
vn -0.0117 0.9999 -0.0000
vn -0.0000 0.0039 1.0000
vn -0.0000 -0.0039 1.0000
vn -0.0000 -0.0040 1.0000
vn -0.0117 0.9999 0.0001
vn -0.0000 0.0040 1.0000
vn 0.9999 0.0140 -0.0000
vn 0.9999 -0.0139 -0.0000
vn 0.9999 -0.0140 -0.0000
vn 0.9999 0.0136 0.0001
vn 0.9999 0.0136 -0.0000
vn 0.9999 -0.0136 -0.0000
vn -1.0000 -0.0040 0.0001
vn -1.0000 -0.0040 -0.0000
vn -1.0000 0.0040 -0.0000
vn -1.0000 -0.0039 -0.0000
vn -1.0000 0.0039 -0.0000
vn -0.0001 -0.9999 0.0117
vn -0.0000 -0.9999 0.0117
vn -0.0000 -0.9993 -0.0367
vn -0.0000 0.0135 -0.9999
vn -0.0000 -0.0136 -0.9999
vn -0.0000 0.9993 -0.0367
vn -0.0000 0.9999 0.0117
vn -0.0001 0.9993 -0.0367
vn 0.0367 -0.9993 -0.0000
vn -0.0117 -0.9999 -0.0000
vn -0.0000 0.0140 -0.9999
vn -0.0000 -0.0140 -0.9999
vn -0.0117 -0.9999 -0.0001
vn 0.0367 -0.9993 0.0001
vn 0.0367 0.9993 -0.0000
vn 0.0367 0.9993 -0.0001
vn 0.0001 -0.9993 -0.0367
vn 0.0117 0.9999 -0.0000
vn 0.0117 0.9999 -0.0001
vn -0.9999 -0.0139 -0.0000
vn -0.9999 -0.0140 -0.0000
vn -0.9999 0.0140 -0.0000
vn -0.9999 -0.0136 -0.0000
vn -0.9999 0.0136 -0.0001
vn -0.9999 0.0136 -0.0000
vn 1.0000 0.0040 -0.0000
vn 1.0000 -0.0040 -0.0001
vn 1.0000 -0.0040 -0.0000
vn 1.0000 0.0039 -0.0000
vn 1.0000 -0.0039 -0.0000
vn -0.0367 -0.9993 -0.0000
vn 0.0117 -0.9999 -0.0000
vn 0.0117 -0.9999 0.0001
vn -0.0367 -0.9993 -0.0001
vn -0.0367 0.9993 -0.0000
vn -0.0367 0.9993 0.0001
vn -0.0000 -0.9993 0.0367
vn -0.0001 -0.9993 0.0367
vn -0.0000 0.0039 -1.0000
vn -0.0000 -0.0039 -1.0000
vn -0.0000 -0.0040 -1.0000
vn -0.0000 0.0040 -1.0000
vn 0.0001 -0.9999 -0.0117
vn -0.0000 -0.9999 -0.0117
vn -0.0000 0.0135 0.9999
vn -0.0000 -0.0136 0.9999
vn -0.0000 0.9999 -0.0117
vn -0.0000 0.9993 0.0367
vn 0.0001 0.9993 0.0367
vn -0.0000 0.0140 0.9999
vn -0.0000 -0.0140 0.9999
vn -0.0003 -0.9729 -0.2312
vn 0.1156 -0.9729 -0.2002
vn 0.2002 -0.9729 -0.1156
vn 0.2312 -0.9729 -0.0000
vn 0.2002 -0.9729 0.1156
vn 0.1156 -0.9729 0.2002
vn -0.0000 -0.9729 0.2312
vn -0.1156 -0.9729 0.2002
vn -0.2002 -0.9729 0.1156
vn -0.2312 -0.9729 -0.0000
vn -0.2002 -0.9729 -0.1156
vn -0.1156 -0.9729 -0.2002
vn -0.0001 -0.9729 -0.2312
vt 0.271503 0.846659
vt 0.271503 0.556921
vt 0.293681 0.556921
vt 0.293682 0.846659
vt 0.057877 0.846807
vt 0.034639 0.846809
vt 0.034634 0.556366
vt 0.057872 0.556366
vt 0.027087 0.885639
vt 0.004912 0.885640
vt 0.004914 0.863465
vt 0.027087 0.863466
vt 0.262824 0.556921
vt 0.262824 0.846656
vt 0.240646 0.846656
vt 0.240646 0.556921
vt 0.127967 0.556931
vt 0.151204 0.556932
vt 0.151200 0.847374
vt 0.127962 0.847374
vt 0.461625 0.831941
vt 0.461632 0.809020
vt 0.484551 0.809027
vt 0.484546 0.831947
vt 0.262854 0.556109
vt 0.263514 0.556231
vt 0.263636 0.556892
vt 0.027116 0.862654
vt 0.027777 0.862776
vt 0.027899 0.863437
vt 0.294493 0.846689
vt 0.294371 0.847349
vt 0.293711 0.847471
vt 0.058688 0.846837
vt 0.058566 0.847496
vt 0.057906 0.847619
vt 0.271474 0.847471
vt 0.270814 0.847349
vt 0.270692 0.846689
vt 0.004103 0.863436
vt 0.004225 0.862776
vt 0.004885 0.862654
vt 0.239835 0.556891
vt 0.239957 0.556231
vt 0.240617 0.556109
vt 0.151234 0.556121
vt 0.151893 0.556243
vt 0.152016 0.556903
vt 0.027899 0.885668
vt 0.027777 0.886328
vt 0.027117 0.886450
vt 0.485302 0.831915
vt 0.484565 0.832187
vt 0.485362 0.831462
vt 0.270697 0.556695
vt 0.270754 0.556172
vt 0.152011 0.847295
vt 0.151220 0.847614
vt 0.152016 0.846814
vt 0.240459 0.847464
vt 0.239955 0.847347
vt 0.263636 0.846685
vt 0.263513 0.847345
vt 0.262853 0.847468
vt 0.293710 0.556109
vt 0.294371 0.556231
vt 0.294493 0.556892
vt 0.484581 0.808216
vt 0.485240 0.808339
vt 0.485362 0.808998
vt 0.128088 0.847631
vt 0.461413 0.832132
vt 0.461391 0.809000
vt 0.058627 0.556399
vt 0.058688 0.556905
vt 0.057892 0.556125
vt 0.239839 0.846860
vt 0.271224 0.556115
vt 0.128278 0.556117
vt 0.004160 0.886454
vt 0.034950 0.847623
vt 0.004098 0.886392
vt 0.462211 0.808204
vt 0.034760 0.556109
vt 0.461434 0.832153
vt 0.461711 0.808208
vt 0.209784 0.844645
vt 0.231963 0.844645
vt 0.231962 0.554906
vt 0.209784 0.554906
vt 0.816565 0.743960
vt 0.816561 0.453519
vt 0.793323 0.453519
vt 0.793327 0.743961
vt 0.608871 0.831192
vt 0.608872 0.809018
vt 0.586698 0.809018
vt 0.586697 0.831192
vt 0.355390 0.556924
vt 0.333212 0.556924
vt 0.333212 0.846659
vt 0.355390 0.846659
vt 0.762208 0.454070
vt 0.762203 0.744513
vt 0.785441 0.744513
vt 0.785446 0.454071
vt 0.363558 0.831936
vt 0.386479 0.831942
vt 0.386484 0.809023
vt 0.363565 0.809016
vt 0.356201 0.556894
vt 0.356079 0.556234
vt 0.355419 0.556112
vt 0.609684 0.808989
vt 0.609561 0.808329
vt 0.608901 0.808206
vt 0.231992 0.845457
vt 0.232652 0.845334
vt 0.232773 0.844674
vt 0.816594 0.744771
vt 0.817254 0.744649
vt 0.817376 0.743989
vt 0.208973 0.844674
vt 0.209095 0.845334
vt 0.209755 0.845457
vt 0.586669 0.808206
vt 0.586009 0.808328
vt 0.585887 0.808989
vt 0.333183 0.556112
vt 0.332523 0.556234
vt 0.332400 0.556894
vt 0.786257 0.454042
vt 0.786135 0.453383
vt 0.785475 0.453261
vt 0.608901 0.832003
vt 0.609561 0.831881
vt 0.609684 0.831221
vt 0.387235 0.831910
vt 0.387295 0.831457
vt 0.386498 0.832183
vt 0.209035 0.554157
vt 0.208978 0.554681
vt 0.786253 0.744434
vt 0.786257 0.743953
vt 0.785462 0.744753
vt 0.332521 0.847350
vt 0.333025 0.847466
vt 0.355419 0.847471
vt 0.356079 0.847348
vt 0.356201 0.846688
vt 0.232773 0.554877
vt 0.232651 0.554217
vt 0.231991 0.554094
vt 0.387295 0.808994
vt 0.387173 0.808334
vt 0.386513 0.808211
vt 0.762329 0.744770
vt 0.363346 0.832127
vt 0.363324 0.808995
vt 0.817316 0.453552
vt 0.816580 0.453278
vt 0.817376 0.454058
vt 0.332405 0.846863
vt 0.209504 0.554101
vt 0.762519 0.453256
vt 0.585945 0.832006
vt 0.793639 0.744776
vt 0.585882 0.831944
vt 0.364143 0.808199
vt 0.793448 0.453262
vt 0.363367 0.832149
vt 0.363644 0.808203
vt 0.159878 0.846659
vt 0.182056 0.846659
vt 0.182056 0.556921
vt 0.159878 0.556921
vt 0.088984 0.846808
vt 0.088980 0.556366
vt 0.065742 0.556366
vt 0.065747 0.846809
vt 0.058150 0.885640
vt 0.058150 0.863466
vt 0.035977 0.863466
vt 0.035975 0.885640
vt 0.324535 0.556921
vt 0.302356 0.556921
vt 0.302356 0.846656
vt 0.324534 0.846656
vt 0.810458 0.004349
vt 0.810453 0.294792
vt 0.833691 0.294792
vt 0.833696 0.004351
vt 0.523815 0.831943
vt 0.546736 0.831949
vt 0.546741 0.809029
vt 0.523822 0.809022
vt 0.325346 0.556892
vt 0.325224 0.556231
vt 0.324564 0.556109
vt 0.058962 0.863437
vt 0.058840 0.862777
vt 0.058180 0.862654
vt 0.182085 0.847471
vt 0.182746 0.847349
vt 0.182867 0.846689
vt 0.089013 0.847619
vt 0.089673 0.847496
vt 0.089795 0.846837
vt 0.159067 0.846689
vt 0.159189 0.847349
vt 0.159849 0.847471
vt 0.035948 0.862654
vt 0.035288 0.862777
vt 0.035166 0.863437
vt 0.302327 0.556109
vt 0.301667 0.556231
vt 0.301545 0.556891
vt 0.834507 0.004321
vt 0.834385 0.003662
vt 0.833725 0.003540
vt 0.058180 0.886451
vt 0.058840 0.886329
vt 0.058962 0.885669
vt 0.547492 0.831917
vt 0.547552 0.831464
vt 0.546755 0.832189
vt 0.159128 0.556172
vt 0.159072 0.556695
vt 0.834503 0.294714
vt 0.834507 0.294232
vt 0.833712 0.295033
vt 0.301665 0.847347
vt 0.302169 0.847464
vt 0.324563 0.847468
vt 0.325224 0.847345
vt 0.325346 0.846685
vt 0.182867 0.556892
vt 0.182745 0.556231
vt 0.182085 0.556109
vt 0.547552 0.809000
vt 0.547430 0.808340
vt 0.546771 0.808218
vt 0.810579 0.295049
vt 0.523602 0.832134
vt 0.523581 0.809001
vt 0.089735 0.556399
vt 0.088999 0.556125
vt 0.089795 0.556905
vt 0.301550 0.846861
vt 0.159598 0.556115
vt 0.810769 0.003535
vt 0.035223 0.886455
vt 0.066058 0.847623
vt 0.035161 0.886392
vt 0.524400 0.808206
vt 0.065867 0.556109
vt 0.523624 0.832155
vt 0.523901 0.808210
vt 0.431278 0.844645
vt 0.431278 0.554907
vt 0.453456 0.554907
vt 0.453456 0.844645
vt 0.120091 0.846809
vt 0.096853 0.846810
vt 0.096849 0.556367
vt 0.120086 0.556367
vt 0.577802 0.831193
vt 0.555627 0.831193
vt 0.555628 0.809019
vt 0.577802 0.809020
vt 0.417528 0.556920
vt 0.417528 0.846655
vt 0.395350 0.846655
vt 0.395350 0.556920
vt 0.003529 0.556923
vt 0.026767 0.556924
vt 0.026762 0.847366
vt 0.003524 0.847366
vt 0.492718 0.831940
vt 0.492724 0.809020
vt 0.515644 0.809027
vt 0.515638 0.831946
vt 0.417557 0.556108
vt 0.418217 0.556230
vt 0.418339 0.556891
vt 0.577831 0.808208
vt 0.578492 0.808330
vt 0.578614 0.808990
vt 0.454267 0.844675
vt 0.454146 0.845335
vt 0.453485 0.845457
vt 0.120902 0.846838
vt 0.120780 0.847497
vt 0.120120 0.847620
vt 0.431249 0.845457
vt 0.430589 0.845335
vt 0.430467 0.844675
vt 0.554817 0.808990
vt 0.554939 0.808330
vt 0.555599 0.808207
vt 0.394539 0.556891
vt 0.394661 0.556230
vt 0.395321 0.556108
vt 0.026796 0.556113
vt 0.027456 0.556236
vt 0.027578 0.556895
vt 0.578614 0.831222
vt 0.578491 0.831882
vt 0.577831 0.832004
vt 0.516394 0.831915
vt 0.515658 0.832187
vt 0.516455 0.831462
vt 0.430472 0.554681
vt 0.430528 0.554158
vt 0.027574 0.847288
vt 0.026783 0.847606
vt 0.027578 0.846806
vt 0.395163 0.847463
vt 0.394659 0.847346
vt 0.418339 0.846684
vt 0.418217 0.847344
vt 0.417557 0.847467
vt 0.453485 0.554095
vt 0.454145 0.554217
vt 0.454267 0.554878
vt 0.515673 0.808216
vt 0.516333 0.808338
vt 0.516455 0.808998
vt 0.003650 0.847623
vt 0.492505 0.832132
vt 0.492483 0.808999
vt 0.120842 0.556400
vt 0.120902 0.556906
vt 0.120106 0.556126
vt 0.394543 0.846859
vt 0.430998 0.554102
vt 0.003840 0.556109
vt 0.554875 0.832008
vt 0.097165 0.847624
vt 0.554812 0.831946
vt 0.493303 0.808203
vt 0.096974 0.556110
vt 0.492526 0.832153
vt 0.492803 0.808208
vt 0.648689 0.535113
vt 0.648689 0.547109
vt 0.458834 0.547109
vt 0.458834 0.535112
vt 0.427189 0.535120
vt 0.427189 0.547117
vt 0.237334 0.547116
vt 0.237334 0.535119
vt 0.133421 0.873914
vt 0.121056 0.873914
vt 0.121056 0.862968
vt 0.225043 0.292063
vt 0.225286 0.292063
vt 0.225284 0.535119
vt 0.225043 0.535119
vt 0.446544 0.292056
vt 0.446786 0.292056
vt 0.446785 0.535112
vt 0.446544 0.535112
vt 0.830144 0.753751
vt 0.841043 0.753751
vt 0.841043 0.943603
vt 0.830144 0.943603
vt 0.209851 0.872739
vt 0.197537 0.883638
vt 0.197537 0.872739
vt 0.353937 0.865803
vt 0.341572 0.865803
vt 0.341572 0.854904
vt 0.804355 0.943604
vt 0.793409 0.943604
vt 0.793409 0.753753
vt 0.804355 0.753753
vt 0.159901 0.865850
vt 0.172214 0.854903
vt 0.172214 0.865850
vt 0.829902 0.943603
vt 0.829901 0.753751
vt 0.804597 0.753753
vt 0.804598 0.943604
vt 0.427189 0.547360
vt 0.237334 0.547358
vt 0.648689 0.547353
vt 0.458834 0.547351
vt 0.903850 0.246593
vt 0.903608 0.246593
vt 0.903609 0.003531
vt 0.903850 0.003531
vt 0.914749 0.003531
vt 0.914749 0.246593
vt 0.237573 0.271215
vt 0.237573 0.258902
vt 0.427428 0.258902
vt 0.427428 0.271215
vt 0.237335 0.292063
vt 0.427190 0.292065
vt 0.896298 0.003529
vt 0.896540 0.003529
vt 0.896540 0.246591
vt 0.896299 0.246591
vt 0.885353 0.246591
vt 0.885352 0.003529
vt 0.458835 0.292056
vt 0.649077 0.003526
vt 0.649077 0.015840
vt 0.459222 0.015840
vt 0.459222 0.003526
vt 0.197630 0.883861
vt 0.209851 0.883954
vt 0.197854 0.883954
vt 0.353937 0.854587
vt 0.341888 0.854587
vt 0.341664 0.854680
vt 0.648690 0.292057
vt 0.172121 0.854679
vt 0.159901 0.854587
vt 0.171898 0.854587
vt 0.133421 0.862651
vt 0.121372 0.862651
vt 0.121148 0.862744
vt 0.458835 0.280059
vt 0.648690 0.280060
vt 0.237335 0.280066
vt 0.427190 0.280067
vt 0.437388 0.852575
vt 0.425022 0.863521
vt 0.425022 0.852575
vt 0.439480 0.292065
vt 0.439481 0.535120
vt 0.439238 0.535120
vt 0.439239 0.292065
vt 0.660981 0.292057
vt 0.660981 0.535113
vt 0.660738 0.535113
vt 0.660740 0.292057
vt 0.886233 0.949650
vt 0.886233 0.759798
vt 0.897132 0.759798
vt 0.897131 0.949650
vt 0.159902 0.887071
vt 0.159902 0.874758
vt 0.170800 0.874758
vt 0.401002 0.865801
vt 0.413368 0.854903
vt 0.413368 0.865801
vt 0.775399 0.943604
vt 0.775399 0.753752
vt 0.786345 0.753752
vt 0.786345 0.943604
vt 0.277453 0.865851
vt 0.265139 0.865851
vt 0.265139 0.854904
vt 0.885991 0.949650
vt 0.885990 0.759798
vt 0.775156 0.943604
vt 0.775156 0.753752
vt 0.237335 0.279823
vt 0.427190 0.279825
vt 0.458835 0.279816
vt 0.648690 0.279818
vt 0.427428 0.015847
vt 0.439794 0.015847
vt 0.439794 0.258902
vt 0.459222 0.258895
vt 0.446856 0.258895
vt 0.446856 0.015840
vt 0.171024 0.874851
vt 0.171117 0.887071
vt 0.171117 0.875074
vt 0.401002 0.854586
vt 0.413051 0.854586
vt 0.413275 0.854679
vt 0.265232 0.854681
vt 0.277453 0.854588
vt 0.265456 0.854588
vt 0.437388 0.863838
vt 0.425339 0.863838
vt 0.425115 0.863745
vt 0.225208 0.258902
vt 0.225208 0.015847
vt 0.237573 0.015847
vt 0.661442 0.015840
vt 0.661442 0.258895
vt 0.649077 0.258895
vt 0.101627 0.873918
vt 0.113993 0.862971
vt 0.113993 0.873918
vt 0.228127 0.874752
vt 0.228127 0.887065
vt 0.217229 0.887065
vt 0.615113 0.879915
vt 0.627479 0.869017
vt 0.627479 0.879915
vt 0.245768 0.854589
vt 0.258082 0.854589
vt 0.258082 0.865535
vt 0.904139 0.255616
vt 0.904139 0.498678
vt 0.903897 0.498678
vt 0.903898 0.255616
vt 0.915038 0.255616
vt 0.915038 0.498678
vt 0.896594 0.498679
vt 0.896594 0.255616
vt 0.896836 0.255616
vt 0.896835 0.498679
vt 0.885647 0.498679
vt 0.885647 0.255616
vt 0.217005 0.886973
vt 0.216912 0.874752
vt 0.216912 0.886749
vt 0.615113 0.868700
vt 0.627162 0.868700
vt 0.627386 0.868793
vt 0.257990 0.865759
vt 0.245769 0.865852
vt 0.257766 0.865851
vt 0.101627 0.862655
vt 0.113676 0.862655
vt 0.113900 0.862748
vt 0.208020 0.852566
vt 0.220386 0.852566
vt 0.220386 0.863512
vt 0.235179 0.885971
vt 0.247492 0.875072
vt 0.247492 0.885971
vt 0.190480 0.856601
vt 0.190480 0.868967
vt 0.179581 0.868967
vt 0.323258 0.854588
vt 0.334204 0.866902
vt 0.323258 0.866902
vt 0.237573 0.003533
vt 0.427428 0.003533
vt 0.649077 0.271209
vt 0.459222 0.271209
vt 0.247400 0.874848
vt 0.235179 0.874756
vt 0.247176 0.874756
vt 0.179265 0.856601
vt 0.179265 0.868650
vt 0.179357 0.868874
vt 0.334428 0.866809
vt 0.334520 0.854588
vt 0.334520 0.866585
vt 0.208020 0.863829
vt 0.220069 0.863829
vt 0.220293 0.863736
vt 0.749038 0.705346
vt 0.749038 0.948459
vt 0.739101 0.948459
vt 0.739101 0.705346
vt 0.015901 0.015848
vt 0.015901 0.003533
vt 0.205778 0.003533
vt 0.205778 0.015848
vt 0.217985 0.535154
vt 0.217742 0.535154
vt 0.217747 0.292068
vt 0.217985 0.292068
vt 0.646113 0.596542
vt 0.646021 0.596318
vt 0.646337 0.596297
vt 0.646337 0.556454
vt 0.646021 0.556433
vt 0.646113 0.556209
vt 0.757145 0.753755
vt 0.768093 0.753755
vt 0.768093 0.943638
vt 0.757145 0.943638
vt 0.296826 0.854904
vt 0.296826 0.865852
vt 0.284511 0.865852
vt 0.656287 0.557109
vt 0.656287 0.556116
vt 0.657039 0.556428
vt 0.668746 0.255625
vt 0.708632 0.255625
vt 0.708632 0.445505
vt 0.668746 0.445505
vt 0.802567 0.255619
vt 0.802567 0.445494
vt 0.764174 0.445494
vt 0.764174 0.255619
vt 0.363581 0.840809
vt 0.363265 0.840788
vt 0.363357 0.840564
vt 0.656287 0.596635
vt 0.656287 0.595642
vt 0.657039 0.596324
vt 0.205692 0.535154
vt 0.205696 0.292068
vt 0.015818 0.280065
vt 0.205697 0.280069
vt 0.015817 0.292064
vt 0.940594 0.949682
vt 0.940352 0.949682
vt 0.940353 0.759801
vt 0.940594 0.759801
vt 0.212836 0.280089
vt 0.224100 0.268038
vt 0.224100 0.280089
vt 0.657350 0.557179
vt 0.657350 0.595573
vt 0.646337 0.556116
vt 0.646337 0.596635
vt 0.668504 0.255625
vt 0.668505 0.445505
vt 0.708874 0.255625
vt 0.708873 0.445505
vt 0.922290 0.759805
vt 0.922532 0.759805
vt 0.922532 0.949686
vt 0.922291 0.949686
vt 0.932482 0.759805
vt 0.933295 0.759805
vt 0.933295 0.949686
vt 0.932482 0.949686
vt 0.803380 0.445494
vt 0.803381 0.255619
vt 0.763361 0.445494
vt 0.763360 0.255619
vt 0.951358 0.949682
vt 0.950545 0.949682
vt 0.950545 0.759801
vt 0.951358 0.759801
vt 0.015818 0.279823
vt 0.205697 0.279828
vt 0.756903 0.753755
vt 0.756904 0.943638
vt 0.886240 0.750822
vt 0.885998 0.750822
vt 0.886003 0.507713
vt 0.886240 0.507713
vt 0.897189 0.507713
vt 0.897189 0.750822
vt 0.749851 0.705346
vt 0.749851 0.948459
vt 0.915234 0.758893
vt 0.914421 0.758893
vt 0.914421 0.515779
vt 0.915234 0.515779
vt 0.754328 0.453261
vt 0.755141 0.453261
vt 0.755140 0.696345
vt 0.754328 0.696345
vt 0.738859 0.705346
vt 0.738864 0.948459
vt 0.756072 0.003525
vt 0.756314 0.003525
vt 0.756309 0.246622
vt 0.756071 0.246622
vt 0.715941 0.003525
vt 0.716184 0.003525
vt 0.716184 0.246622
vt 0.715946 0.246622
vt 0.904484 0.758893
vt 0.904242 0.758893
vt 0.904247 0.515779
vt 0.904484 0.515779
vt 0.715934 0.696345
vt 0.715934 0.453261
vt 0.284511 0.854588
vt 0.296509 0.854588
vt 0.296733 0.854680
vt 0.224007 0.267814
vt 0.212836 0.267722
vt 0.223783 0.267722
vt 0.363357 0.880897
vt 0.363265 0.880673
vt 0.363581 0.880652
vt 0.374579 0.879927
vt 0.373517 0.879997
vt 0.373517 0.841463
vt 0.374579 0.841534
vt 0.374268 0.880678
vt 0.373517 0.880989
vt 0.373517 0.840471
vt 0.374268 0.840782
vt 0.363581 0.840471
vt 0.363581 0.880989
vt 0.218145 0.015848
vt 0.218145 0.258930
vt 0.205778 0.258930
vt 0.190016 0.808298
vt 0.190240 0.808543
vt 0.189923 0.808522
vt 0.190240 0.848386
vt 0.190016 0.848631
vt 0.189923 0.848407
vt 0.811896 0.943631
vt 0.811896 0.753748
vt 0.822844 0.753748
vt 0.822844 0.943631
vt 0.227769 0.866905
vt 0.238716 0.854590
vt 0.238716 0.866905
vt 0.200190 0.847732
vt 0.200941 0.848413
vt 0.200190 0.848724
vt 0.756063 0.255625
vt 0.756063 0.445505
vt 0.716176 0.445505
vt 0.716176 0.255625
vt 0.668851 0.643138
vt 0.668851 0.453262
vt 0.707245 0.453262
vt 0.707245 0.643138
vt 0.527446 0.840807
vt 0.527670 0.840562
vt 0.527763 0.840786
vt 0.200190 0.808206
vt 0.200941 0.808517
vt 0.200190 0.809198
vt 0.015812 0.547149
vt 0.015812 0.535150
vt 0.205691 0.547152
vt 0.904435 0.767869
vt 0.904435 0.957750
vt 0.904193 0.957750
vt 0.904194 0.767869
vt 0.140476 0.873918
vt 0.140476 0.862654
vt 0.152527 0.862654
vt 0.201252 0.809268
vt 0.201252 0.847662
vt 0.190240 0.848724
vt 0.190240 0.808206
vt 0.756303 0.255625
vt 0.756305 0.445505
vt 0.715934 0.445505
vt 0.715936 0.255625
vt 0.958413 0.949683
vt 0.958412 0.759802
vt 0.958654 0.759802
vt 0.958654 0.949683
vt 0.968604 0.949683
vt 0.968605 0.759802
vt 0.969418 0.759802
vt 0.969418 0.949683
vt 0.708059 0.453262
vt 0.708058 0.643138
vt 0.668038 0.643138
vt 0.668038 0.453262
vt 0.915199 0.767869
vt 0.915199 0.957750
vt 0.914386 0.957750
vt 0.914385 0.767869
vt 0.205691 0.547395
vt 0.015812 0.547389
vt 0.811655 0.943631
vt 0.811654 0.753748
vt 0.715120 0.453261
vt 0.715121 0.696345
vt 0.227452 0.854590
vt 0.227452 0.866589
vt 0.227545 0.866812
vt 0.152751 0.862747
vt 0.152844 0.873918
vt 0.152844 0.862971
vt 0.527670 0.880895
vt 0.527446 0.880650
vt 0.527763 0.880671
vt 0.516448 0.879925
vt 0.516448 0.841532
vt 0.517511 0.841462
vt 0.517511 0.879995
vt 0.516759 0.880677
vt 0.517511 0.880988
vt 0.516759 0.840781
vt 0.517511 0.840469
vt 0.527446 0.840469
vt 0.527446 0.880988
vt 0.931984 0.246647
vt 0.922047 0.246647
vt 0.922047 0.003534
vt 0.931984 0.003534
vt 0.616835 0.808299
vt 0.617059 0.808544
vt 0.616742 0.808523
vt 0.617059 0.848387
vt 0.616835 0.848632
vt 0.616742 0.848408
vt 0.303881 0.854905
vt 0.316196 0.865853
vt 0.303881 0.865852
vt 0.627009 0.847732
vt 0.627760 0.848413
vt 0.627009 0.848724
vt 0.480026 0.880652
vt 0.479802 0.880897
vt 0.479709 0.880673
vt 0.627009 0.808206
vt 0.627760 0.808518
vt 0.627009 0.809199
vt 0.003762 0.535150
vt 0.003767 0.292064
vt 0.082197 0.873917
vt 0.082196 0.862653
vt 0.094247 0.862653
vt 0.628071 0.809269
vt 0.628071 0.847662
vt 0.617059 0.848724
vt 0.617059 0.808206
vt 0.190168 0.556109
vt 0.190168 0.799218
vt 0.189926 0.799218
vt 0.189930 0.556109
vt 0.201117 0.556109
vt 0.201117 0.799218
vt 0.003534 0.015848
vt 0.015901 0.258930
vt 0.003534 0.258930
vt 0.763374 0.246612
vt 0.763374 0.003528
vt 0.764187 0.003528
vt 0.764187 0.246612
vt 0.932797 0.003534
vt 0.932796 0.246647
vt 0.922089 0.498732
vt 0.922089 0.255619
vt 0.922903 0.255619
vt 0.922902 0.498732
vt 0.802581 0.246612
vt 0.802581 0.003528
vt 0.803394 0.003528
vt 0.803393 0.246612
vt 0.921809 0.246647
vt 0.921804 0.003534
vt 0.708633 0.246625
vt 0.708634 0.003527
vt 0.708876 0.003527
vt 0.708871 0.246625
vt 0.668508 0.246625
vt 0.668504 0.003527
vt 0.668746 0.003527
vt 0.668746 0.246625
vt 0.932839 0.498732
vt 0.932839 0.255619
vt 0.933082 0.255619
vt 0.933077 0.498732
vt 0.316196 0.854588
vt 0.304197 0.854588
vt 0.303974 0.854681
vt 0.094471 0.862746
vt 0.094564 0.873917
vt 0.094564 0.862969
vt 0.479801 0.840564
vt 0.480026 0.840809
vt 0.479709 0.840788
vt 0.491023 0.841533
vt 0.491023 0.879927
vt 0.489961 0.879997
vt 0.489961 0.841463
vt 0.490712 0.840782
vt 0.489961 0.840471
vt 0.490712 0.880678
vt 0.489961 0.880989
vt 0.480026 0.880989
vt 0.480026 0.840471
vt 0.003524 0.535150
vt 0.003524 0.292064
vt 0.461413 0.880897
vt 0.461320 0.880673
vt 0.461636 0.880652
vt 0.461636 0.840809
vt 0.461320 0.840788
vt 0.461413 0.840564
vt 0.393946 0.854902
vt 0.393946 0.865849
vt 0.381631 0.865849
vt 0.471587 0.841464
vt 0.471587 0.840471
vt 0.472338 0.840782
vt 0.509080 0.880651
vt 0.509396 0.880672
vt 0.509304 0.880896
vt 0.471587 0.880989
vt 0.471587 0.879997
vt 0.472338 0.880678
vt 0.445751 0.267725
vt 0.434487 0.279776
vt 0.434487 0.267725
vt 0.472649 0.841534
vt 0.472649 0.879927
vt 0.461637 0.840471
vt 0.461636 0.880989
vt 0.381631 0.854585
vt 0.393629 0.854585
vt 0.393854 0.854678
vt 0.434580 0.279999
vt 0.445751 0.280092
vt 0.434804 0.280092
vt 0.509304 0.840563
vt 0.509396 0.840787
vt 0.509080 0.840808
vt 0.498082 0.841533
vt 0.499144 0.841463
vt 0.499144 0.879996
vt 0.498082 0.879926
vt 0.498393 0.840782
vt 0.499144 0.840470
vt 0.499144 0.880989
vt 0.498393 0.880678
vt 0.509079 0.880989
vt 0.509080 0.840470
vt 0.205778 0.271245
vt 0.015901 0.271245
vt 0.644974 0.978776
vt 0.643139 0.978776
vt 0.643139 0.975967
vt 0.644974 0.975967
vt 0.643139 0.973159
vt 0.644974 0.973159
vt 0.643139 0.970350
vt 0.644974 0.970350
vt 0.643139 0.967541
vt 0.644974 0.967541
vt 0.643139 0.964733
vt 0.644974 0.964733
vt 0.643139 0.961924
vt 0.644974 0.961924
vt 0.643139 0.959116
vt 0.644974 0.959116
vt 0.643139 0.956307
vt 0.644974 0.956307
vt 0.643139 0.953499
vt 0.644974 0.953499
vt 0.644974 0.987201
vt 0.643139 0.987201
vt 0.643139 0.984393
vt 0.644974 0.984393
vt 0.716766 0.945334
vt 0.718171 0.942901
vt 0.722008 0.946738
vt 0.643139 0.981584
vt 0.644974 0.981584
vt 0.723412 0.951979
vt 0.720603 0.951979
vt 0.720603 0.941497
vt 0.723412 0.941497
vt 0.725844 0.942901
vt 0.727248 0.945334
vt 0.727248 0.948142
vt 0.725844 0.950574
vt 0.718171 0.950574
vt 0.716766 0.948142
vt 0.653815 0.961925
vt 0.651979 0.961925
vt 0.651979 0.959116
vt 0.653815 0.959116
vt 0.651979 0.956307
vt 0.653815 0.956307
vt 0.651979 0.953499
vt 0.653815 0.953499
vt 0.653815 0.987202
vt 0.651979 0.987202
vt 0.651979 0.984393
vt 0.653815 0.984393
vt 0.651979 0.981584
vt 0.653815 0.981584
vt 0.651979 0.978776
vt 0.653815 0.978776
vt 0.651979 0.975967
vt 0.653815 0.975967
vt 0.651979 0.973159
vt 0.653815 0.973159
vt 0.651979 0.970350
vt 0.653815 0.970350
vt 0.651979 0.967542
vt 0.653815 0.967542
vt 0.061239 0.953976
vt 0.058806 0.952572
vt 0.062643 0.948735
vt 0.651979 0.964733
vt 0.653815 0.964733
vt 0.067884 0.947331
vt 0.067884 0.950140
vt 0.057402 0.950140
vt 0.057402 0.947331
vt 0.058806 0.944899
vt 0.061239 0.943494
vt 0.064047 0.943494
vt 0.066480 0.944899
vt 0.066480 0.952572
vt 0.064047 0.953976
vt 0.528358 0.961333
vt 0.525550 0.961333
vt 0.525550 0.959497
vt 0.528358 0.959497
vt 0.522741 0.961333
vt 0.522741 0.959497
vt 0.519933 0.961333
vt 0.519933 0.959497
vt 0.517124 0.961332
vt 0.517124 0.959497
vt 0.514316 0.961332
vt 0.514316 0.959497
vt 0.511507 0.961332
vt 0.511507 0.959497
vt 0.508699 0.961332
vt 0.508699 0.959497
vt 0.505890 0.961332
vt 0.505890 0.959497
vt 0.503081 0.961332
vt 0.503081 0.959497
vt 0.536784 0.961332
vt 0.533975 0.961332
vt 0.533975 0.959497
vt 0.536784 0.959497
vt 0.604506 0.947336
vt 0.609747 0.948740
vt 0.604506 0.950145
vt 0.531167 0.961333
vt 0.531167 0.959497
vt 0.613583 0.944904
vt 0.611151 0.943500
vt 0.605910 0.952577
vt 0.608342 0.953981
vt 0.611151 0.953981
vt 0.613583 0.952577
vt 0.614988 0.950145
vt 0.614988 0.947336
vt 0.608342 0.943500
vt 0.605910 0.944904
vt 0.163780 0.963925
vt 0.163780 0.961116
vt 0.165615 0.961116
vt 0.165615 0.963925
vt 0.163780 0.958307
vt 0.165615 0.958307
vt 0.163780 0.955499
vt 0.165615 0.955499
vt 0.163780 0.989202
vt 0.163780 0.986393
vt 0.165615 0.986393
vt 0.165615 0.989202
vt 0.163780 0.983584
vt 0.165615 0.983584
vt 0.163780 0.980776
vt 0.165615 0.980776
vt 0.163780 0.977967
vt 0.165615 0.977967
vt 0.163780 0.975159
vt 0.165615 0.975159
vt 0.163780 0.972350
vt 0.165615 0.972350
vt 0.163780 0.969542
vt 0.165615 0.969542
vt 0.204682 0.931984
vt 0.203278 0.926743
vt 0.207114 0.930579
vt 0.163780 0.966733
vt 0.165615 0.966733
vt 0.198037 0.925338
vt 0.198037 0.928147
vt 0.208518 0.928147
vt 0.208518 0.925338
vt 0.207114 0.922906
vt 0.204682 0.921502
vt 0.201873 0.921502
vt 0.199441 0.922906
vt 0.199441 0.930579
vt 0.201873 0.931984
vt 0.287297 0.980776
vt 0.287297 0.977967
vt 0.289132 0.977967
vt 0.289132 0.980776
vt 0.287297 0.975159
vt 0.289132 0.975159
vt 0.287297 0.972350
vt 0.289132 0.972350
vt 0.287297 0.969541
vt 0.289132 0.969541
vt 0.287297 0.966733
vt 0.289132 0.966733
vt 0.287297 0.963924
vt 0.289132 0.963924
vt 0.287297 0.961116
vt 0.289132 0.961116
vt 0.287297 0.958307
vt 0.289132 0.958307
vt 0.287297 0.955499
vt 0.289132 0.955499
vt 0.287297 0.989201
vt 0.287297 0.986393
vt 0.289132 0.986393
vt 0.289132 0.989201
vt 0.183310 0.949494
vt 0.181906 0.954735
vt 0.180501 0.949494
vt 0.287297 0.983584
vt 0.289132 0.983584
vt 0.185742 0.958572
vt 0.187147 0.956140
vt 0.178069 0.950899
vt 0.176665 0.953331
vt 0.176665 0.956140
vt 0.178069 0.958572
vt 0.180501 0.959976
vt 0.183310 0.959976
vt 0.187147 0.953331
vt 0.185742 0.950899
vt 0.554588 0.963922
vt 0.554588 0.961113
vt 0.556424 0.961113
vt 0.556424 0.963922
vt 0.554588 0.958304
vt 0.556424 0.958304
vt 0.554588 0.955496
vt 0.556424 0.955496
vt 0.554588 0.989199
vt 0.554588 0.986390
vt 0.556424 0.986390
vt 0.556424 0.989199
vt 0.554588 0.983582
vt 0.556424 0.983582
vt 0.554588 0.980773
vt 0.556424 0.980773
vt 0.554588 0.977964
vt 0.556424 0.977964
vt 0.554588 0.975156
vt 0.556424 0.975156
vt 0.554588 0.972347
vt 0.556424 0.972347
vt 0.554588 0.969539
vt 0.556424 0.969539
vt 0.775260 0.961976
vt 0.776664 0.956735
vt 0.778069 0.961976
vt 0.554588 0.966730
vt 0.556424 0.966730
vt 0.772828 0.952899
vt 0.771423 0.955331
vt 0.780501 0.960572
vt 0.781905 0.958140
vt 0.781905 0.955331
vt 0.780501 0.952899
vt 0.778069 0.951495
vt 0.775260 0.951495
vt 0.771423 0.958140
vt 0.772828 0.960572
vt 0.734389 0.980773
vt 0.732554 0.980773
vt 0.732554 0.977965
vt 0.734389 0.977965
vt 0.732554 0.975156
vt 0.734389 0.975156
vt 0.732554 0.972347
vt 0.734389 0.972347
vt 0.732554 0.969539
vt 0.734389 0.969539
vt 0.732554 0.966730
vt 0.734389 0.966730
vt 0.732554 0.963922
vt 0.734389 0.963922
vt 0.732554 0.961113
vt 0.734389 0.961113
vt 0.732554 0.958304
vt 0.734389 0.958304
vt 0.732554 0.955496
vt 0.734389 0.955496
vt 0.734389 0.989199
vt 0.732554 0.989199
vt 0.732554 0.986390
vt 0.734389 0.986390
vt 0.083555 0.951497
vt 0.086364 0.951497
vt 0.084960 0.956738
vt 0.732554 0.983582
vt 0.734389 0.983582
vt 0.081123 0.960574
vt 0.079719 0.958142
vt 0.088796 0.952901
vt 0.090201 0.955334
vt 0.090201 0.958142
vt 0.088796 0.960574
vt 0.086364 0.961979
vt 0.083555 0.961979
vt 0.079719 0.955334
vt 0.081123 0.952901
vt 0.743225 0.963922
vt 0.741390 0.963922
vt 0.741390 0.961113
vt 0.743225 0.961113
vt 0.741390 0.958305
vt 0.743226 0.958305
vt 0.741390 0.955496
vt 0.743226 0.955496
vt 0.743226 0.989199
vt 0.741390 0.989199
vt 0.741390 0.986390
vt 0.743225 0.986390
vt 0.741390 0.983582
vt 0.743225 0.983582
vt 0.741390 0.980773
vt 0.743225 0.980773
vt 0.741389 0.977965
vt 0.743225 0.977965
vt 0.741389 0.975156
vt 0.743225 0.975156
vt 0.741390 0.972347
vt 0.743225 0.972347
vt 0.741390 0.969539
vt 0.743225 0.969539
vt 0.163780 0.941338
vt 0.165184 0.938906
vt 0.169021 0.942743
vt 0.741390 0.966730
vt 0.743225 0.966730
vt 0.170425 0.947984
vt 0.167616 0.947984
vt 0.167616 0.937502
vt 0.170425 0.937502
vt 0.172857 0.938906
vt 0.174262 0.941338
vt 0.174262 0.944147
vt 0.172857 0.946579
vt 0.165184 0.946579
vt 0.163780 0.944147
vt 0.992258 0.811920
vt 0.994093 0.811920
vt 0.994093 0.814729
vt 0.992258 0.814729
vt 0.994093 0.817537
vt 0.992258 0.817537
vt 0.994093 0.820346
vt 0.992258 0.820346
vt 0.994093 0.823155
vt 0.992258 0.823155
vt 0.994093 0.825963
vt 0.992258 0.825963
vt 0.994093 0.828772
vt 0.992258 0.828772
vt 0.994093 0.831580
vt 0.992258 0.831580
vt 0.994093 0.834389
vt 0.992258 0.834389
vt 0.994093 0.837197
vt 0.992258 0.837197
vt 0.992258 0.803495
vt 0.994093 0.803495
vt 0.994093 0.806303
vt 0.992258 0.806303
vt 0.003504 0.948150
vt 0.003504 0.945341
vt 0.008745 0.946745
vt 0.994093 0.809112
vt 0.992258 0.809112
vt 0.012581 0.950582
vt 0.010149 0.951986
vt 0.004908 0.942909
vt 0.007341 0.941505
vt 0.010149 0.941505
vt 0.012581 0.942909
vt 0.013986 0.945341
vt 0.013986 0.948150
vt 0.007341 0.951986
vt 0.004908 0.950582
vt 0.045301 0.957920
vt 0.043466 0.957920
vt 0.043466 0.955112
vt 0.045301 0.955112
vt 0.043466 0.952303
vt 0.045301 0.952303
vt 0.043466 0.949495
vt 0.045301 0.949495
vt 0.045301 0.983197
vt 0.043466 0.983197
vt 0.043466 0.980389
vt 0.045301 0.980389
vt 0.043466 0.977580
vt 0.045301 0.977580
vt 0.043466 0.974772
vt 0.045301 0.974772
vt 0.043466 0.971963
vt 0.045301 0.971963
vt 0.043466 0.969155
vt 0.045301 0.969155
vt 0.043466 0.966346
vt 0.045301 0.966346
vt 0.043466 0.963538
vt 0.045301 0.963538
vt 0.542633 0.951980
vt 0.540200 0.950576
vt 0.544037 0.946739
vt 0.043466 0.960729
vt 0.045301 0.960729
vt 0.549278 0.945335
vt 0.549278 0.948143
vt 0.538796 0.948143
vt 0.538796 0.945335
vt 0.540200 0.942902
vt 0.542633 0.941498
vt 0.545441 0.941498
vt 0.547874 0.942902
vt 0.547874 0.950576
vt 0.545441 0.951980
vt 0.635064 0.832772
vt 0.635064 0.829963
vt 0.636900 0.829963
vt 0.636900 0.832772
vt 0.635064 0.827155
vt 0.636900 0.827155
vt 0.635064 0.824346
vt 0.636900 0.824346
vt 0.635064 0.821538
vt 0.636900 0.821538
vt 0.635064 0.818729
vt 0.636900 0.818729
vt 0.635064 0.815920
vt 0.636900 0.815920
vt 0.635064 0.813112
vt 0.636900 0.813112
vt 0.635064 0.810303
vt 0.636900 0.810303
vt 0.635064 0.807495
vt 0.636900 0.807495
vt 0.635064 0.841197
vt 0.635064 0.838389
vt 0.636900 0.838389
vt 0.636900 0.841197
vt 0.271762 0.952573
vt 0.275598 0.948737
vt 0.274194 0.953978
vt 0.635064 0.835580
vt 0.636900 0.835580
vt 0.274194 0.943496
vt 0.271762 0.944900
vt 0.277003 0.953978
vt 0.279435 0.952573
vt 0.280839 0.950141
vt 0.280839 0.947332
vt 0.279435 0.944900
vt 0.277003 0.943496
vt 0.270357 0.947332
vt 0.270357 0.950141
vt 0.814178 0.951506
vt 0.816986 0.951506
vt 0.816986 0.953341
vt 0.814178 0.953341
vt 0.819795 0.951506
vt 0.819795 0.953341
vt 0.822604 0.951506
vt 0.822604 0.953341
vt 0.788901 0.951506
vt 0.791710 0.951506
vt 0.791710 0.953341
vt 0.788901 0.953341
vt 0.794518 0.951506
vt 0.794518 0.953341
vt 0.797327 0.951506
vt 0.797327 0.953341
vt 0.800135 0.951506
vt 0.800135 0.953341
vt 0.802944 0.951506
vt 0.802944 0.953341
vt 0.805752 0.951506
vt 0.805752 0.953341
vt 0.808561 0.951506
vt 0.808561 0.953341
vt 0.693313 0.891982
vt 0.691909 0.886741
vt 0.695746 0.890578
vt 0.811369 0.951506
vt 0.811369 0.953341
vt 0.686668 0.885337
vt 0.686668 0.888146
vt 0.697150 0.888146
vt 0.697150 0.885337
vt 0.695746 0.882905
vt 0.693313 0.881500
vt 0.690504 0.881500
vt 0.688072 0.882905
vt 0.688072 0.890578
vt 0.690504 0.891982
vt 0.111993 0.976774
vt 0.111993 0.973966
vt 0.113828 0.973966
vt 0.113828 0.976774
vt 0.111993 0.971157
vt 0.113828 0.971157
vt 0.111993 0.968349
vt 0.113828 0.968349
vt 0.111993 0.965540
vt 0.113828 0.965540
vt 0.111993 0.962731
vt 0.113828 0.962731
vt 0.111993 0.959923
vt 0.113828 0.959923
vt 0.111993 0.957114
vt 0.113828 0.957114
vt 0.111993 0.954306
vt 0.113828 0.954306
vt 0.111993 0.951497
vt 0.113828 0.951497
vt 0.111993 0.985200
vt 0.111993 0.982392
vt 0.113828 0.982392
vt 0.113828 0.985200
vt 0.569958 0.943505
vt 0.568554 0.948746
vt 0.567149 0.943505
vt 0.111993 0.979583
vt 0.113828 0.979583
vt 0.572390 0.952582
vt 0.573794 0.950150
vt 0.564717 0.944909
vt 0.563313 0.947341
vt 0.563313 0.950150
vt 0.564717 0.952582
vt 0.567149 0.953986
vt 0.569958 0.953986
vt 0.573794 0.947341
vt 0.572390 0.944909
vt 0.139718 0.976774
vt 0.139718 0.979583
vt 0.137882 0.979583
vt 0.137882 0.976774
vt 0.139718 0.982391
vt 0.137882 0.982391
vt 0.139718 0.985200
vt 0.137882 0.985200
vt 0.139718 0.951497
vt 0.139718 0.954306
vt 0.137882 0.954306
vt 0.137882 0.951497
vt 0.139718 0.957114
vt 0.137882 0.957114
vt 0.139718 0.959923
vt 0.137882 0.959923
vt 0.139718 0.962731
vt 0.137882 0.962731
vt 0.139718 0.965540
vt 0.137882 0.965540
vt 0.139718 0.968349
vt 0.137882 0.968349
vt 0.139718 0.971157
vt 0.137882 0.971157
vt 0.326575 0.959975
vt 0.327979 0.954734
vt 0.329383 0.959975
vt 0.139718 0.973966
vt 0.137882 0.973966
vt 0.324142 0.950897
vt 0.322738 0.953330
vt 0.331816 0.958571
vt 0.333220 0.956138
vt 0.333220 0.953330
vt 0.331816 0.950897
vt 0.329384 0.949493
vt 0.326575 0.949493
vt 0.322738 0.956138
vt 0.324142 0.958571
vt 0.994100 0.870774
vt 0.992265 0.870774
vt 0.992265 0.867966
vt 0.994100 0.867966
vt 0.992265 0.865157
vt 0.994100 0.865157
vt 0.992265 0.862349
vt 0.994100 0.862349
vt 0.992265 0.859540
vt 0.994100 0.859540
vt 0.992265 0.856731
vt 0.994100 0.856731
vt 0.992265 0.853923
vt 0.994100 0.853923
vt 0.992265 0.851114
vt 0.994100 0.851114
vt 0.992265 0.848306
vt 0.994100 0.848306
vt 0.992265 0.845497
vt 0.994100 0.845497
vt 0.994100 0.879200
vt 0.992265 0.879200
vt 0.992265 0.876391
vt 0.994100 0.876391
vt 0.376153 0.952909
vt 0.377557 0.955341
vt 0.372317 0.956746
vt 0.992265 0.873583
vt 0.994100 0.873583
vt 0.367075 0.955341
vt 0.368480 0.952909
vt 0.377557 0.958150
vt 0.376153 0.960582
vt 0.373721 0.961986
vt 0.370912 0.961987
vt 0.368480 0.960582
vt 0.367075 0.958150
vt 0.370912 0.951505
vt 0.373721 0.951505
vt 0.994101 0.895920
vt 0.992266 0.895920
vt 0.992266 0.893112
vt 0.994101 0.893112
vt 0.992266 0.890303
vt 0.994101 0.890303
vt 0.992266 0.887495
vt 0.994102 0.887495
vt 0.994102 0.921197
vt 0.992266 0.921198
vt 0.992266 0.918389
vt 0.994101 0.918389
vt 0.992266 0.915580
vt 0.994101 0.915580
vt 0.992266 0.912772
vt 0.994101 0.912772
vt 0.992265 0.909963
vt 0.994101 0.909963
vt 0.992265 0.907155
vt 0.994101 0.907155
vt 0.992265 0.904346
vt 0.994101 0.904346
vt 0.992265 0.901538
vt 0.994101 0.901538
vt 0.672293 0.952902
vt 0.673697 0.955335
vt 0.668456 0.956739
vt 0.992266 0.898729
vt 0.994101 0.898729
vt 0.663215 0.955335
vt 0.664620 0.952902
vt 0.673697 0.958143
vt 0.672293 0.960576
vt 0.669861 0.961980
vt 0.667052 0.961980
vt 0.664620 0.960576
vt 0.663215 0.958143
vt 0.667052 0.951498
vt 0.669861 0.951498
vt 0.992257 0.937924
vt 0.994093 0.937924
vt 0.994093 0.940733
vt 0.992257 0.940733
vt 0.994093 0.943541
vt 0.992257 0.943541
vt 0.994093 0.946350
vt 0.992257 0.946350
vt 0.994093 0.949158
vt 0.992257 0.949158
vt 0.994093 0.951967
vt 0.992257 0.951967
vt 0.994093 0.954776
vt 0.992257 0.954776
vt 0.994093 0.957584
vt 0.992257 0.957584
vt 0.994093 0.960393
vt 0.992257 0.960393
vt 0.994093 0.963201
vt 0.992257 0.963201
vt 0.992257 0.929498
vt 0.994093 0.929498
vt 0.994093 0.932307
vt 0.992257 0.932307
vt 0.351521 0.950147
vt 0.351521 0.947338
vt 0.356762 0.948742
vt 0.994093 0.935115
vt 0.992257 0.935115
vt 0.360599 0.952579
vt 0.358166 0.953983
vt 0.352926 0.944906
vt 0.355358 0.943502
vt 0.358166 0.943502
vt 0.360599 0.944906
vt 0.362003 0.947338
vt 0.362003 0.950147
vt 0.355358 0.953983
vt 0.352926 0.952579
vt 0.477194 0.959924
vt 0.475359 0.959924
vt 0.475359 0.957116
vt 0.477194 0.957116
vt 0.475359 0.954307
vt 0.477194 0.954307
vt 0.475359 0.951499
vt 0.477194 0.951499
vt 0.477194 0.985201
vt 0.475359 0.985201
vt 0.475359 0.982393
vt 0.477194 0.982393
vt 0.475359 0.979584
vt 0.477194 0.979584
vt 0.475359 0.976776
vt 0.477194 0.976776
vt 0.475359 0.973967
vt 0.477194 0.973967
vt 0.475359 0.971159
vt 0.477194 0.971159
vt 0.475359 0.968350
vt 0.477194 0.968350
vt 0.475359 0.965541
vt 0.477194 0.965541
vt 0.301836 0.953976
vt 0.299404 0.952572
vt 0.303240 0.948735
vt 0.475359 0.962733
vt 0.477194 0.962733
vt 0.308481 0.947331
vt 0.308481 0.950139
vt 0.297999 0.950139
vt 0.297999 0.947331
vt 0.299404 0.944898
vt 0.301836 0.943494
vt 0.304645 0.943494
vt 0.307077 0.944898
vt 0.307077 0.952572
vt 0.304645 0.953976
vt 0.829604 0.976773
vt 0.829604 0.973964
vt 0.831440 0.973964
vt 0.831440 0.976773
vt 0.829604 0.971156
vt 0.831440 0.971156
vt 0.829604 0.968347
vt 0.831440 0.968347
vt 0.829604 0.965538
vt 0.831440 0.965538
vt 0.829604 0.962730
vt 0.831440 0.962730
vt 0.829604 0.959921
vt 0.831440 0.959921
vt 0.829604 0.957113
vt 0.831440 0.957113
vt 0.829604 0.954304
vt 0.831440 0.954304
vt 0.829604 0.951496
vt 0.831440 0.951496
vt 0.829604 0.985198
vt 0.829604 0.982390
vt 0.831440 0.982390
vt 0.831440 0.985198
vt 0.504490 0.950577
vt 0.508327 0.946740
vt 0.506922 0.951981
vt 0.829604 0.979581
vt 0.831440 0.979581
vt 0.506922 0.941499
vt 0.504490 0.942903
vt 0.509731 0.951981
vt 0.512163 0.950577
vt 0.513568 0.948144
vt 0.513568 0.945336
vt 0.512163 0.942903
vt 0.509731 0.941499
vt 0.503086 0.945336
vt 0.503086 0.948144
vt 0.947478 0.957502
vt 0.950286 0.957502
vt 0.950286 0.959337
vt 0.947478 0.959337
vt 0.953095 0.957502
vt 0.953095 0.959337
vt 0.955903 0.957502
vt 0.955903 0.959337
vt 0.922201 0.957502
vt 0.925009 0.957502
vt 0.925009 0.959337
vt 0.922201 0.959337
vt 0.927818 0.957502
vt 0.927818 0.959337
vt 0.930626 0.957502
vt 0.930626 0.959337
vt 0.933435 0.957502
vt 0.933435 0.959337
vt 0.936243 0.957502
vt 0.936243 0.959337
vt 0.939052 0.957502
vt 0.939052 0.959337
vt 0.941860 0.957502
vt 0.941860 0.959337
vt 0.705936 0.951983
vt 0.704532 0.946742
vt 0.708368 0.950579
vt 0.944669 0.957502
vt 0.944669 0.959337
vt 0.699291 0.945338
vt 0.699291 0.948147
vt 0.709773 0.948147
vt 0.709773 0.945338
vt 0.708368 0.942906
vt 0.705936 0.941502
vt 0.703127 0.941502
vt 0.700695 0.942906
vt 0.700695 0.950579
vt 0.703128 0.951983
vt 0.405512 0.966775
vt 0.405512 0.963967
vt 0.407347 0.963967
vt 0.407347 0.966775
vt 0.405512 0.961158
vt 0.407347 0.961158
vt 0.405512 0.958350
vt 0.407347 0.958350
vt 0.405512 0.955541
vt 0.407347 0.955541
vt 0.405512 0.952733
vt 0.407347 0.952733
vt 0.405512 0.949924
vt 0.407347 0.949924
vt 0.405512 0.947116
vt 0.407347 0.947116
vt 0.405512 0.944307
vt 0.407347 0.944307
vt 0.405512 0.941498
vt 0.407347 0.941498
vt 0.405512 0.975201
vt 0.405512 0.972393
vt 0.407347 0.972393
vt 0.407347 0.975201
vt 0.760595 0.951497
vt 0.759191 0.956737
vt 0.757787 0.951497
vt 0.405512 0.969584
vt 0.407347 0.969584
vt 0.763027 0.960574
vt 0.764432 0.958142
vt 0.755355 0.952901
vt 0.753950 0.955333
vt 0.753950 0.958142
vt 0.755355 0.960574
vt 0.757787 0.961978
vt 0.760595 0.961978
vt 0.764432 0.955333
vt 0.763028 0.952901
vt 0.840274 0.976773
vt 0.840274 0.979581
vt 0.838439 0.979581
vt 0.838439 0.976773
vt 0.840274 0.982390
vt 0.838439 0.982390
vt 0.840274 0.985198
vt 0.838439 0.985198
vt 0.840274 0.951496
vt 0.840274 0.954304
vt 0.838439 0.954304
vt 0.838439 0.951496
vt 0.840274 0.957113
vt 0.838439 0.957113
vt 0.840274 0.959921
vt 0.838439 0.959921
vt 0.840274 0.962730
vt 0.838439 0.962730
vt 0.840274 0.965538
vt 0.838439 0.965538
vt 0.840274 0.968347
vt 0.838439 0.968347
vt 0.840274 0.971156
vt 0.838439 0.971156
vt 0.684526 0.961978
vt 0.685931 0.956737
vt 0.687335 0.961978
vt 0.840274 0.973964
vt 0.838439 0.973964
vt 0.682094 0.952901
vt 0.680690 0.955333
vt 0.689767 0.960574
vt 0.691171 0.958142
vt 0.691171 0.955333
vt 0.689767 0.952901
vt 0.687335 0.951497
vt 0.684527 0.951497
vt 0.680690 0.958142
vt 0.682094 0.960574
vt 0.447697 0.966773
vt 0.445861 0.966773
vt 0.445861 0.963964
vt 0.447697 0.963964
vt 0.445861 0.961156
vt 0.447697 0.961156
vt 0.445861 0.958347
vt 0.447697 0.958347
vt 0.445861 0.955538
vt 0.447697 0.955538
vt 0.445861 0.952730
vt 0.447697 0.952730
vt 0.445861 0.949921
vt 0.447697 0.949921
vt 0.445861 0.947113
vt 0.447697 0.947113
vt 0.445861 0.944304
vt 0.447697 0.944304
vt 0.445861 0.941496
vt 0.447697 0.941496
vt 0.447697 0.975198
vt 0.445861 0.975198
vt 0.445861 0.972390
vt 0.447697 0.972390
vt 0.260049 0.952910
vt 0.261453 0.955342
vt 0.256212 0.956747
vt 0.445861 0.969581
vt 0.447697 0.969581
vt 0.250972 0.955342
vt 0.252376 0.952910
vt 0.261453 0.958151
vt 0.260049 0.960583
vt 0.257617 0.961988
vt 0.254808 0.961988
vt 0.252376 0.960583
vt 0.250972 0.958151
vt 0.254808 0.951506
vt 0.257617 0.951506
vt 0.196164 0.961922
vt 0.194328 0.961922
vt 0.194328 0.959113
vt 0.196164 0.959113
vt 0.194329 0.956304
vt 0.196164 0.956304
vt 0.194329 0.953496
vt 0.196164 0.953496
vt 0.196164 0.987199
vt 0.194329 0.987199
vt 0.194328 0.984390
vt 0.196164 0.984390
vt 0.194328 0.981582
vt 0.196164 0.981581
vt 0.194328 0.978773
vt 0.196164 0.978773
vt 0.194328 0.975964
vt 0.196164 0.975964
vt 0.194328 0.973156
vt 0.196164 0.973156
vt 0.194328 0.970347
vt 0.196164 0.970347
vt 0.194328 0.967539
vt 0.196164 0.967539
vt 0.596101 0.942910
vt 0.597505 0.945342
vt 0.592264 0.946747
vt 0.194328 0.964730
vt 0.196164 0.964730
vt 0.587024 0.945342
vt 0.588428 0.942910
vt 0.597505 0.948151
vt 0.596101 0.950583
vt 0.593669 0.951987
vt 0.590860 0.951987
vt 0.588428 0.950583
vt 0.587024 0.948151
vt 0.590860 0.941506
vt 0.593669 0.941506
vt 0.994475 0.588660
vt 0.994233 0.588660
vt 0.994233 0.398811
vt 0.994476 0.398811
vt 0.646337 0.604861
vt 0.646021 0.604835
vt 0.646113 0.604611
vt 0.387236 0.799174
vt 0.363501 0.799174
vt 0.363501 0.556113
vt 0.387236 0.556113
vt 0.554696 0.556114
vt 0.554696 0.799176
vt 0.554455 0.799176
vt 0.554454 0.556114
vt 0.651332 0.848883
vt 0.651016 0.848857
vt 0.651108 0.848633
vt 0.994479 0.717273
vt 0.994479 0.693590
vt 0.994796 0.693564
vt 0.994796 0.717299
vt 0.980347 0.193380
vt 0.980104 0.193380
vt 0.980104 0.003530
vt 0.980347 0.003530
vt 0.635152 0.848851
vt 0.635903 0.848540
vt 0.635903 0.849515
vt 0.659816 0.871959
vt 0.659065 0.872270
vt 0.659065 0.871295
vt 0.986747 0.717615
vt 0.986747 0.716640
vt 0.994480 0.717615
vt 0.986747 0.694223
vt 0.986747 0.693248
vt 0.994480 0.693248
vt 0.643636 0.848540
vt 0.643636 0.848882
vt 0.577793 0.799176
vt 0.577793 0.556114
vt 0.635152 0.871958
vt 0.634841 0.871207
vt 0.635903 0.871294
vt 0.877782 0.404856
vt 0.877782 0.594709
vt 0.856177 0.594709
vt 0.856177 0.404856
vt 0.635903 0.872269
vt 0.643636 0.871927
vt 0.643636 0.872269
vt 0.994703 0.693340
vt 0.847492 0.556112
vt 0.847492 0.745965
vt 0.825248 0.745965
vt 0.825248 0.556112
vt 0.985685 0.716553
vt 0.985685 0.694310
vt 0.878052 0.207222
vt 0.878052 0.397074
vt 0.854956 0.397074
vt 0.854956 0.207222
vt 0.701272 0.650901
vt 0.701272 0.840753
vt 0.677538 0.840753
vt 0.677538 0.650901
vt 0.946693 0.507707
vt 0.946693 0.750775
vt 0.938960 0.750775
vt 0.938960 0.507707
vt 0.462141 0.799168
vt 0.462141 0.556110
vt 0.484385 0.556110
vt 0.484385 0.799168
vt 0.994703 0.717523
vt 0.985996 0.693559
vt 0.659065 0.849516
vt 0.651332 0.848541
vt 0.659065 0.848541
vt 0.651108 0.872177
vt 0.651016 0.871953
vt 0.651332 0.871927
vt 0.643860 0.848632
vt 0.643952 0.871953
vt 0.643860 0.872177
vt 0.985996 0.717304
vt 0.970658 0.750777
vt 0.970660 0.507709
vt 0.978392 0.507709
vt 0.978391 0.750777
vt 0.387479 0.556113
vt 0.387477 0.799174
vt 0.978634 0.507709
vt 0.978634 0.750777
vt 0.955705 0.246596
vt 0.955706 0.003528
vt 0.955948 0.003528
vt 0.955948 0.246596
vt 0.930270 0.507710
vt 0.930269 0.750778
vt 0.922536 0.750778
vt 0.922536 0.507710
vt 0.931082 0.507710
vt 0.931082 0.750778
vt 0.701515 0.840753
vt 0.701516 0.650901
vt 0.677296 0.840753
vt 0.677295 0.650901
vt 0.996473 0.391013
vt 0.995659 0.391013
vt 0.995659 0.201165
vt 0.996473 0.201165
vt 0.987927 0.391013
vt 0.987685 0.391013
vt 0.987684 0.201165
vt 0.987927 0.201165
vt 0.363260 0.799174
vt 0.363258 0.556113
vt 0.969845 0.750777
vt 0.969847 0.507709
vt 0.825246 0.304025
vt 0.825246 0.547083
vt 0.824434 0.547083
vt 0.824433 0.304025
vt 0.847664 0.304025
vt 0.847664 0.547083
vt 0.846852 0.547083
vt 0.846852 0.304025
vt 0.938148 0.750775
vt 0.938147 0.507707
vt 0.578036 0.556114
vt 0.578034 0.799176
vt 0.922295 0.750778
vt 0.922294 0.507710
vt 0.946936 0.507707
vt 0.946934 0.750775
vt 0.878295 0.397074
vt 0.878296 0.207222
vt 0.854714 0.397074
vt 0.854713 0.207222
vt 0.878595 0.594709
vt 0.878595 0.404856
vt 0.985022 0.759803
vt 0.985264 0.759803
vt 0.985265 0.949652
vt 0.985022 0.949652
vt 0.461329 0.799168
vt 0.461328 0.556110
vt 0.485198 0.556110
vt 0.485198 0.799168
vt 0.848305 0.745965
vt 0.848305 0.556112
vt 0.824435 0.745965
vt 0.824435 0.556112
vt 0.976476 0.759803
vt 0.977290 0.759803
vt 0.977289 0.949652
vt 0.976476 0.949652
vt 0.972372 0.193380
vt 0.971559 0.193380
vt 0.971559 0.003530
vt 0.972372 0.003530
vt 0.855364 0.594709
vt 0.855363 0.404856
vt 0.986501 0.588660
vt 0.985688 0.588660
vt 0.985687 0.398811
vt 0.986501 0.398811
vt 0.643952 0.848856
vt 0.963680 0.003528
vt 0.963681 0.246596
vt 0.659816 0.848852
vt 0.651332 0.872270
vt 0.660127 0.871208
vt 0.660127 0.849603
vt 0.634841 0.849602
vt 0.646113 0.628794
vt 0.646021 0.628570
vt 0.646337 0.628544
vt 0.654070 0.605493
vt 0.646337 0.604518
vt 0.654070 0.604518
vt 0.654070 0.628886
vt 0.646337 0.628886
vt 0.654070 0.627911
vt 0.655132 0.627824
vt 0.655132 0.605580
vt 0.654821 0.628575
vt 0.654821 0.604829
vt 0.964493 0.003528
vt 0.964494 0.246596
vt 0.872730 0.800132
vt 0.872729 0.989980
vt 0.872487 0.989980
vt 0.872487 0.800132
vt 0.986002 0.749543
vt 0.985778 0.749793
vt 0.985685 0.749569
vt 0.074817 0.862994
vt 0.075041 0.862744
vt 0.075134 0.862968
vt 0.551301 0.864492
vt 0.550984 0.864518
vt 0.550984 0.840783
vt 0.551301 0.840809
vt 0.987403 0.193379
vt 0.987403 0.003530
vt 0.987645 0.003530
vt 0.987645 0.193379
vt 0.592126 0.840785
vt 0.591375 0.841449
vt 0.591375 0.840473
vt 0.066333 0.886070
vt 0.067084 0.885406
vt 0.067084 0.886381
vt 0.559033 0.864834
vt 0.551301 0.864834
vt 0.559033 0.863859
vt 0.559033 0.841441
vt 0.551301 0.840466
vt 0.559033 0.840466
vt 0.583642 0.840816
vt 0.583642 0.840473
vt 0.592126 0.863892
vt 0.591375 0.863227
vt 0.592437 0.863140
vt 0.709384 0.895207
vt 0.709383 0.705354
vt 0.730988 0.705354
vt 0.730988 0.895207
vt 0.591375 0.864203
vt 0.583642 0.864203
vt 0.583642 0.863860
vt 0.551077 0.840559
vt 0.864625 0.009578
vt 0.864625 0.199432
vt 0.842381 0.199432
vt 0.842382 0.009578
vt 0.560095 0.863772
vt 0.560095 0.841528
vt 0.878695 0.602500
vt 0.878695 0.792352
vt 0.855599 0.792352
vt 0.855599 0.602500
vt 0.646262 0.840751
vt 0.646262 0.650899
vt 0.669996 0.650899
vt 0.669997 0.840751
vt 0.551077 0.864741
vt 0.559784 0.840777
vt 0.067085 0.863627
vt 0.067085 0.862652
vt 0.074817 0.862652
vt 0.075041 0.886288
vt 0.074817 0.886039
vt 0.075134 0.886064
vt 0.583418 0.840566
vt 0.583418 0.864110
vt 0.583326 0.863886
vt 0.559784 0.864523
vt 0.670239 0.650899
vt 0.670239 0.840751
vt 0.646020 0.840751
vt 0.646019 0.650899
vt 0.848099 0.989980
vt 0.848100 0.800132
vt 0.848913 0.800132
vt 0.848913 0.989980
vt 0.856645 0.989980
vt 0.856645 0.800132
vt 0.856887 0.800132
vt 0.856888 0.989980
vt 0.855356 0.792352
vt 0.855357 0.602500
vt 0.878938 0.602500
vt 0.878938 0.792352
vt 0.731802 0.705354
vt 0.731802 0.895207
vt 0.972082 0.201164
vt 0.972083 0.391013
vt 0.971840 0.391013
vt 0.971839 0.201164
vt 0.841568 0.199432
vt 0.841568 0.009578
vt 0.865438 0.009578
vt 0.865438 0.199432
vt 0.980628 0.201164
vt 0.980628 0.391013
vt 0.979815 0.391013
vt 0.979815 0.201164
vt 0.995378 0.193379
vt 0.995378 0.003530
vt 0.996191 0.003530
vt 0.996192 0.193379
vt 0.708571 0.895207
vt 0.708570 0.705354
vt 0.864754 0.800132
vt 0.864754 0.989980
vt 0.863941 0.989980
vt 0.863941 0.800132
vt 0.583326 0.840790
vt 0.066333 0.862963
vt 0.074817 0.886381
vt 0.066022 0.885319
vt 0.066022 0.863714
vt 0.592437 0.841535
vt 0.985778 0.725610
vt 0.986002 0.725860
vt 0.985685 0.725834
vt 0.993734 0.748910
vt 0.993734 0.749886
vt 0.986002 0.749886
vt 0.993734 0.725518
vt 0.993734 0.726493
vt 0.986002 0.725518
vt 0.994797 0.726580
vt 0.994797 0.748824
vt 0.994485 0.725829
vt 0.994485 0.749575
vt 0.948934 0.255621
vt 0.948935 0.498689
vt 0.948122 0.498689
vt 0.948122 0.255621
vt 0.994488 0.661321
vt 0.994712 0.661071
vt 0.994805 0.661295
vt 0.492499 0.799174
vt 0.492499 0.556113
vt 0.516234 0.556113
vt 0.516234 0.799174
vt 0.585087 0.799169
vt 0.585086 0.556108
vt 0.585328 0.556108
vt 0.585328 0.799169
vt 0.692142 0.848878
vt 0.692366 0.848628
vt 0.692458 0.848852
vt 0.986003 0.652742
vt 0.985687 0.652768
vt 0.985687 0.629033
vt 0.986003 0.629059
vt 0.675985 0.848851
vt 0.675233 0.849516
vt 0.675234 0.848540
vt 0.683658 0.871954
vt 0.684409 0.871290
vt 0.684409 0.872265
vt 0.993736 0.653084
vt 0.986003 0.653084
vt 0.993736 0.652109
vt 0.993736 0.629692
vt 0.986003 0.628716
vt 0.993736 0.628716
vt 0.667501 0.848883
vt 0.667501 0.848540
vt 0.608425 0.556108
vt 0.608425 0.799169
vt 0.675985 0.871959
vt 0.675233 0.871294
vt 0.676296 0.871207
vt 0.675234 0.872270
vt 0.667501 0.872270
vt 0.667501 0.871927
vt 0.985780 0.628809
vt 0.994798 0.652022
vt 0.994798 0.629779
vt 0.956807 0.498684
vt 0.956807 0.255617
vt 0.964540 0.255617
vt 0.964539 0.498684
vt 0.524339 0.556110
vt 0.546582 0.556111
vt 0.546582 0.799168
vt 0.524339 0.799168
vt 0.985780 0.652992
vt 0.994487 0.629028
vt 0.684409 0.849511
vt 0.684409 0.848536
vt 0.692141 0.848536
vt 0.692366 0.872172
vt 0.692142 0.871923
vt 0.692458 0.871949
vt 0.667277 0.848633
vt 0.667277 0.872177
vt 0.667184 0.871953
vt 0.994487 0.652773
vt 0.954243 0.750779
vt 0.954243 0.507711
vt 0.961976 0.507711
vt 0.961976 0.750779
vt 0.492256 0.799174
vt 0.492258 0.556113
vt 0.954002 0.750779
vt 0.954000 0.507711
vt 0.940389 0.255621
vt 0.940389 0.498689
vt 0.940147 0.498689
vt 0.940148 0.255621
vt 0.948401 0.003530
vt 0.948402 0.246599
vt 0.940669 0.246599
vt 0.940669 0.003530
vt 0.939856 0.246599
vt 0.939856 0.003530
vt 0.516475 0.556113
vt 0.516476 0.799174
vt 0.962789 0.507711
vt 0.962788 0.750779
vt 0.638954 0.556107
vt 0.638955 0.799165
vt 0.638142 0.799165
vt 0.638142 0.556107
vt 0.616537 0.556107
vt 0.616537 0.799165
vt 0.615723 0.799165
vt 0.615724 0.556108
vt 0.955994 0.498684
vt 0.955993 0.255617
vt 0.608667 0.556108
vt 0.608666 0.799169
vt 0.948642 0.003530
vt 0.948644 0.246599
vt 0.964782 0.255617
vt 0.964780 0.498684
vt 0.523526 0.799168
vt 0.523526 0.556111
vt 0.547395 0.556110
vt 0.547395 0.799168
vt 0.667184 0.848857
vt 0.683658 0.848847
vt 0.692141 0.872265
vt 0.683347 0.871203
vt 0.683347 0.849598
vt 0.676296 0.849603
vt 0.994712 0.685253
vt 0.994488 0.685003
vt 0.994805 0.685029
vt 0.986755 0.661953
vt 0.986755 0.660978
vt 0.994488 0.660978
vt 0.986755 0.685346
vt 0.986755 0.684371
vt 0.994488 0.685346
vt 0.985693 0.684284
vt 0.985693 0.662040
vt 0.986004 0.685035
vt 0.986004 0.661289
vt 0.535137 0.840809
vt 0.534820 0.840783
vt 0.534913 0.840559
vt 0.599817 0.840817
vt 0.599501 0.840791
vt 0.599593 0.840567
vt 0.994484 0.620471
vt 0.994484 0.596788
vt 0.994800 0.596762
vt 0.994800 0.620497
vt 0.567464 0.840784
vt 0.568216 0.840473
vt 0.568215 0.841448
vt 0.608301 0.863893
vt 0.607550 0.864204
vt 0.607550 0.863229
vt 0.986751 0.620814
vt 0.986751 0.619838
vt 0.994484 0.620814
vt 0.986751 0.597421
vt 0.986751 0.596446
vt 0.994484 0.596446
vt 0.575948 0.840473
vt 0.575948 0.840815
vt 0.567464 0.863891
vt 0.567153 0.863140
vt 0.568215 0.863227
vt 0.568216 0.864202
vt 0.575948 0.863860
vt 0.575948 0.864202
vt 0.994708 0.596538
vt 0.985689 0.619751
vt 0.985689 0.597508
vt 0.994708 0.620721
vt 0.986000 0.596757
vt 0.607550 0.841450
vt 0.599817 0.840475
vt 0.607550 0.840475
vt 0.599593 0.864112
vt 0.599501 0.863887
vt 0.599817 0.863862
vt 0.576172 0.840566
vt 0.576265 0.863886
vt 0.576172 0.864110
vt 0.986000 0.620503
vt 0.576265 0.840790
vt 0.608301 0.840786
vt 0.599817 0.864204
vt 0.608612 0.863142
vt 0.608612 0.841537
vt 0.567153 0.841535
vt 0.534913 0.864742
vt 0.534820 0.864518
vt 0.535137 0.864492
vt 0.542870 0.841442
vt 0.535137 0.840467
vt 0.542870 0.840467
vt 0.542870 0.864835
vt 0.535137 0.864835
vt 0.542870 0.863859
vt 0.543932 0.863772
vt 0.543932 0.841529
vt 0.543621 0.864523
vt 0.543621 0.840778
vt 0.331681 0.903823
vt 0.331681 0.901502
vt 0.333921 0.901502
vt 0.333921 0.903823
vt 0.644179 0.944520
vt 0.662571 0.926128
vt 0.662571 0.944520
vt 0.313289 0.903823
vt 0.313289 0.901502
vt 0.055669 0.895499
vt 0.074759 0.895499
vt 0.074759 0.913891
vt 0.055669 0.913891
vt 0.331681 0.922215
vt 0.333921 0.922215
vt 0.981388 0.959458
vt 0.981388 0.957506
vt 0.983628 0.957506
vt 0.983628 0.959458
vt 0.015152 0.959500
vt 0.015152 0.961452
vt 0.012831 0.961452
vt 0.012831 0.959500
vt 0.183516 0.993511
vt 0.181564 0.993511
vt 0.181564 0.967501
vt 0.183516 0.967501
vt 0.983628 0.978548
vt 0.981388 0.978548
vt 0.015152 0.980542
vt 0.012831 0.980542
vt 0.728362 0.931886
vt 0.730603 0.931886
vt 0.730603 0.934208
vt 0.728362 0.934208
vt 0.318632 0.946135
vt 0.305627 0.933130
vt 0.318632 0.920125
vt 0.709971 0.934208
vt 0.709971 0.931886
vt 0.728362 0.913495
vt 0.730603 0.913495
vt 0.983628 0.980501
vt 0.981388 0.980501
vt 0.015152 0.982494
vt 0.012831 0.982494
vt 0.360448 0.963504
vt 0.360448 0.989514
vt 0.358495 0.989514
vt 0.358495 0.963504
vt 0.550819 0.897501
vt 0.569909 0.897501
vt 0.569909 0.915893
vt 0.550819 0.915893
vt 0.647912 0.909747
vt 0.647912 0.907507
vt 0.650233 0.907507
vt 0.650233 0.909747
vt 0.036474 0.966139
vt 0.023469 0.953134
vt 0.036474 0.940129
vt 0.650233 0.928139
vt 0.647912 0.928139
vt 0.254491 0.893891
vt 0.254491 0.875499
vt 0.273581 0.875499
vt 0.273581 0.893891
vt 0.629521 0.909747
vt 0.629521 0.907507
vt 0.919393 0.969746
vt 0.919393 0.967506
vt 0.921345 0.967506
vt 0.921345 0.969746
vt 0.203169 0.959500
vt 0.205490 0.959500
vt 0.205490 0.961452
vt 0.203169 0.961452
vt 0.519178 0.971447
vt 0.493168 0.971447
vt 0.493168 0.969494
vt 0.519178 0.969494
vt 0.900303 0.969746
vt 0.900303 0.967506
vt 0.203169 0.980542
vt 0.205490 0.980542
vt 0.168373 0.927896
vt 0.170694 0.927896
vt 0.170694 0.930136
vt 0.168373 0.930136
vt 0.104986 0.955891
vt 0.086594 0.937500
vt 0.104986 0.937500
vt 0.168373 0.909504
vt 0.170694 0.909504
vt 0.149981 0.927896
vt 0.149981 0.930136
vt 0.898350 0.969746
vt 0.898350 0.967506
vt 0.203169 0.982495
vt 0.205490 0.982495
vt 0.484205 0.961505
vt 0.486158 0.961505
vt 0.486158 0.987515
vt 0.484205 0.987515
vt 0.280589 0.893891
vt 0.280589 0.875500
vt 0.299679 0.875500
vt 0.299679 0.893891
vt 0.675633 0.909739
vt 0.675633 0.907499
vt 0.677954 0.907499
vt 0.677954 0.909739
vt 0.243981 0.966132
vt 0.230977 0.953127
vt 0.243981 0.940122
vt 0.677954 0.928131
vt 0.675633 0.928131
vt 0.101217 0.883494
vt 0.101217 0.901886
vt 0.082127 0.901886
vt 0.082127 0.883494
vt 0.657241 0.909739
vt 0.657241 0.907499
vt 0.123061 0.963454
vt 0.120821 0.963454
vt 0.120821 0.961501
vt 0.123061 0.961501
vt 0.340224 0.959500
vt 0.342545 0.959500
vt 0.342545 0.961452
vt 0.340224 0.961452
vt 0.322862 0.967501
vt 0.322862 0.993511
vt 0.320909 0.993511
vt 0.320909 0.967501
vt 0.123061 0.982544
vt 0.120821 0.982544
vt 0.340224 0.980542
vt 0.342545 0.980542
vt 0.049530 0.923815
vt 0.049530 0.921494
vt 0.051770 0.921494
vt 0.051770 0.923815
vt 0.531794 0.924129
vt 0.531794 0.950139
vt 0.518789 0.937134
vt 0.031138 0.923815
vt 0.031138 0.921494
vt 0.049530 0.942207
vt 0.051770 0.942207
vt 0.123061 0.984496
vt 0.120821 0.984496
vt 0.340224 0.982494
vt 0.342545 0.982494
vt 0.146727 0.961503
vt 0.148679 0.961503
vt 0.148679 0.987513
vt 0.146727 0.987513
vt 0.653568 0.881506
vt 0.653568 0.899898
vt 0.634478 0.899898
vt 0.634478 0.881506
vt 0.606949 0.899744
vt 0.604628 0.899744
vt 0.604628 0.897503
vt 0.606949 0.897503
vt 0.130889 0.955893
vt 0.112497 0.937501
vt 0.130889 0.937501
vt 0.606949 0.918136
vt 0.604628 0.918136
vt 0.153400 0.913896
vt 0.134310 0.913896
vt 0.134310 0.895504
vt 0.153400 0.895504
vt 0.625341 0.899744
vt 0.625341 0.897503
vt 0.252926 0.971734
vt 0.250973 0.971734
vt 0.250973 0.969494
vt 0.252926 0.969494
vt 0.005827 0.959504
vt 0.005827 0.961457
vt 0.003506 0.961457
vt 0.003506 0.959504
vt 0.223937 0.961503
vt 0.225890 0.961503
vt 0.225890 0.987513
vt 0.223937 0.987513
vt 0.272016 0.969494
vt 0.272016 0.971734
vt 0.005827 0.980546
vt 0.003506 0.980546
vt 0.359310 0.917744
vt 0.359310 0.915503
vt 0.361631 0.915503
vt 0.361631 0.917744
vt 0.496086 0.958141
vt 0.483081 0.945136
vt 0.496086 0.932131
vt 0.361631 0.936135
vt 0.359310 0.936135
vt 0.340918 0.917744
vt 0.340918 0.915503
vt 0.273968 0.969494
vt 0.273968 0.971734
vt 0.005827 0.982499
vt 0.003506 0.982499
vt 0.686828 0.971446
vt 0.660819 0.971446
vt 0.660819 0.969493
vt 0.686828 0.969493
vt 0.325772 0.893896
vt 0.306682 0.893896
vt 0.306682 0.875504
vt 0.325772 0.875504
vt 0.276409 0.903826
vt 0.276409 0.901505
vt 0.278649 0.901505
vt 0.278649 0.903826
vt 0.420466 0.950524
vt 0.438857 0.932132
vt 0.438857 0.950524
vt 0.258017 0.903826
vt 0.258017 0.901505
vt 0.108225 0.883501
vt 0.127315 0.883501
vt 0.127315 0.901892
vt 0.108225 0.901892
vt 0.276409 0.922218
vt 0.278649 0.922218
vt 0.454690 0.961457
vt 0.454690 0.959505
vt 0.456931 0.959505
vt 0.456931 0.961457
vt 0.891361 0.957499
vt 0.891361 0.959452
vt 0.889040 0.959452
vt 0.889040 0.957499
vt 0.629592 0.965501
vt 0.631545 0.965501
vt 0.631545 0.991511
vt 0.629592 0.991511
vt 0.456931 0.980547
vt 0.454690 0.980547
vt 0.891361 0.978542
vt 0.889040 0.978542
vt 0.509133 0.915737
vt 0.509133 0.913496
vt 0.511454 0.913496
vt 0.511454 0.915737
vt 0.290996 0.946134
vt 0.277991 0.933129
vt 0.290996 0.920124
vt 0.511454 0.934129
vt 0.509133 0.934129
vt 0.490741 0.915737
vt 0.490741 0.913496
vt 0.456931 0.982499
vt 0.454690 0.982499
vt 0.891361 0.980494
vt 0.889040 0.980494
vt 0.298094 0.961504
vt 0.298094 0.987514
vt 0.296142 0.987514
vt 0.296142 0.961504
vt 0.660573 0.881500
vt 0.679663 0.881500
vt 0.679663 0.899892
vt 0.660573 0.899892
vt 0.481426 0.915736
vt 0.481426 0.913496
vt 0.483748 0.913496
vt 0.483748 0.915736
vt 0.079092 0.946145
vt 0.066087 0.933140
vt 0.079092 0.920135
vt 0.483748 0.934128
vt 0.481426 0.934128
vt 0.332777 0.893892
vt 0.332777 0.875501
vt 0.351867 0.875501
vt 0.351867 0.893892
vt 0.463035 0.915736
vt 0.463035 0.913496
vt 0.949389 0.969737
vt 0.949389 0.967497
vt 0.951342 0.967497
vt 0.951342 0.969737
vt 0.620279 0.957498
vt 0.622601 0.957498
vt 0.622601 0.959451
vt 0.620279 0.959451
vt 0.384815 0.965499
vt 0.384815 0.991509
vt 0.382862 0.991509
vt 0.382862 0.965499
vt 0.930300 0.969737
vt 0.930300 0.967497
vt 0.620279 0.978541
vt 0.622601 0.978541
vt 0.368835 0.905894
vt 0.371156 0.905894
vt 0.371156 0.908135
vt 0.368835 0.908135
vt 0.557688 0.941895
vt 0.539296 0.923503
vt 0.557688 0.923503
vt 0.368835 0.887502
vt 0.371156 0.887502
vt 0.350444 0.905894
vt 0.350444 0.908135
vt 0.928347 0.969737
vt 0.928347 0.967497
vt 0.620279 0.980493
vt 0.622601 0.980493
vt 0.329865 0.967499
vt 0.331817 0.967499
vt 0.331817 0.993509
vt 0.329865 0.993509
vt 0.534758 0.889888
vt 0.534758 0.871496
vt 0.553847 0.871496
vt 0.553847 0.889888
vt 0.595301 0.899742
vt 0.595301 0.897502
vt 0.597622 0.897502
vt 0.597622 0.899742
vt 0.231630 0.942145
vt 0.218625 0.929140
vt 0.231630 0.916135
vt 0.597622 0.918134
vt 0.595301 0.918134
vt 0.579943 0.871502
vt 0.579943 0.889894
vt 0.560853 0.889894
vt 0.560853 0.871502
vt 0.576909 0.899742
vt 0.576909 0.897502
vt 0.965139 0.959457
vt 0.962899 0.959457
vt 0.962899 0.957505
vt 0.965139 0.957505
vt 0.698160 0.961820
vt 0.698160 0.959499
vt 0.700112 0.959499
vt 0.700112 0.961820
vt 0.022147 0.993511
vt 0.022147 0.967501
vt 0.024100 0.967501
vt 0.024100 0.993511
vt 0.965139 0.978547
vt 0.962899 0.978547
vt 0.719202 0.961820
vt 0.719202 0.959499
vt 0.426067 0.901827
vt 0.426067 0.899506
vt 0.428307 0.899506
vt 0.428307 0.901827
vt 0.398520 0.940128
vt 0.398520 0.966138
vt 0.385515 0.953133
vt 0.407675 0.901827
vt 0.407675 0.899506
vt 0.426067 0.920218
vt 0.428307 0.920218
vt 0.965139 0.980499
vt 0.962899 0.980499
vt 0.721154 0.961820
vt 0.721154 0.959499
vt 0.174572 0.993509
vt 0.172620 0.993509
vt 0.172620 0.967500
vt 0.174572 0.967500
vt 0.517739 0.887495
vt 0.517739 0.905887
vt 0.498649 0.905887
vt 0.498649 0.887495
vt 0.111717 0.927885
vt 0.111717 0.930206
vt 0.109476 0.930206
vt 0.109476 0.927885
vt 0.156781 0.955895
vt 0.138389 0.937504
vt 0.156781 0.937504
vt 0.130109 0.927885
vt 0.130109 0.930206
vt 0.223299 0.913895
vt 0.204209 0.913895
vt 0.204209 0.895504
vt 0.223299 0.895504
vt 0.111717 0.909493
vt 0.109476 0.909493
vt 0.590380 0.963743
vt 0.588427 0.963743
vt 0.588427 0.961502
vt 0.590380 0.961502
vt 0.882048 0.957498
vt 0.882048 0.959451
vt 0.879727 0.959451
vt 0.879727 0.957498
vt 0.719834 0.969494
vt 0.719834 0.971447
vt 0.693825 0.971447
vt 0.693825 0.969494
vt 0.609470 0.961502
vt 0.609470 0.963743
vt 0.882048 0.978541
vt 0.879727 0.978541
vt 0.248685 0.903741
vt 0.248685 0.901501
vt 0.251006 0.901501
vt 0.251006 0.903741
vt 0.191032 0.946141
vt 0.178027 0.933135
vt 0.191032 0.920131
vt 0.251006 0.922133
vt 0.248685 0.922133
vt 0.230293 0.903741
vt 0.230293 0.901501
vt 0.611422 0.961502
vt 0.611422 0.963743
vt 0.882048 0.980493
vt 0.879727 0.980493
vt 0.776233 0.971446
vt 0.750224 0.971446
vt 0.750224 0.969494
vt 0.776233 0.969494
vt 0.465557 0.905890
vt 0.446467 0.905890
vt 0.446467 0.887498
vt 0.465557 0.887498
vt 0.021894 0.923816
vt 0.021894 0.921494
vt 0.024135 0.921494
vt 0.024135 0.923816
vt 0.673907 0.942524
vt 0.692299 0.924132
vt 0.692299 0.942524
vt 0.003502 0.923816
vt 0.003502 0.921494
vt 0.178120 0.893501
vt 0.197210 0.893501
vt 0.197210 0.911893
vt 0.178120 0.911893
vt 0.021894 0.942207
vt 0.024135 0.942207
vt 0.972151 0.959458
vt 0.972150 0.957506
vt 0.974391 0.957506
vt 0.974391 0.959458
vt 0.313919 0.959501
vt 0.313919 0.961454
vt 0.311598 0.961454
vt 0.311598 0.959501
vt 0.096660 0.963504
vt 0.098612 0.963504
vt 0.098612 0.989514
vt 0.096660 0.989514
vt 0.974391 0.978548
vt 0.972150 0.978548
vt 0.313919 0.980544
vt 0.311598 0.980544
vt 0.453702 0.915744
vt 0.453702 0.913503
vt 0.456023 0.913503
vt 0.456023 0.915744
vt 0.382185 0.946135
vt 0.369180 0.933130
vt 0.382185 0.920125
vt 0.456023 0.934136
vt 0.453702 0.934136
vt 0.435310 0.915744
vt 0.435310 0.913503
vt 0.974391 0.980500
vt 0.972150 0.980500
vt 0.313919 0.982496
vt 0.311598 0.982496
vt 0.701419 0.849503
vt 0.701419 0.875513
vt 0.699467 0.875513
vt 0.699467 0.849503
vt 0.586947 0.871499
vt 0.606037 0.871499
vt 0.606037 0.889891
vt 0.586947 0.889891
vt 0.100144 0.911744
vt 0.100144 0.909504
vt 0.102465 0.909504
vt 0.102465 0.911744
vt 0.636144 0.958132
vt 0.623139 0.945127
vt 0.636144 0.932122
vt 0.102465 0.930136
vt 0.100144 0.930136
vt 0.472558 0.905891
vt 0.472558 0.887499
vt 0.491648 0.887499
vt 0.491648 0.905891
vt 0.081752 0.911744
vt 0.081752 0.909504
vt 0.809937 0.963740
vt 0.809937 0.961500
vt 0.811889 0.961500
vt 0.811889 0.963740
vt 0.446463 0.853507
vt 0.448784 0.853507
vt 0.448784 0.855459
vt 0.446463 0.855459
vt 0.214442 0.965502
vt 0.214442 0.991512
vt 0.212490 0.991512
vt 0.212490 0.965502
vt 0.790847 0.963740
vt 0.790847 0.961500
vt 0.446463 0.874549
vt 0.448784 0.874549
vt 0.619478 0.933885
vt 0.621800 0.933885
vt 0.621800 0.936126
vt 0.619478 0.936126
vt 0.344524 0.951893
vt 0.326133 0.933502
vt 0.344524 0.933502
vt 0.619478 0.915493
vt 0.621800 0.915493
vt 0.601086 0.933885
vt 0.601086 0.936126
vt 0.788895 0.963740
vt 0.788895 0.961500
vt 0.446463 0.876502
vt 0.448784 0.876502
vt 0.563421 0.961505
vt 0.565373 0.961505
vt 0.565373 0.987515
vt 0.563421 0.987515
vt 0.420370 0.891889
vt 0.420370 0.873497
vt 0.439460 0.873497
vt 0.439460 0.891889
vt 0.396559 0.903745
vt 0.396559 0.901504
vt 0.398880 0.901504
vt 0.398880 0.903745
vt 0.468367 0.958143
vt 0.455362 0.945138
vt 0.468367 0.932133
vt 0.398880 0.922137
vt 0.396559 0.922137
vt 0.400672 0.875497
vt 0.400672 0.893889
vt 0.381582 0.893889
vt 0.381582 0.875497
vt 0.378167 0.903745
vt 0.378167 0.901504
vt 0.546020 0.961454
vt 0.543779 0.961454
vt 0.543779 0.959502
vt 0.546020 0.959502
vt 0.414348 0.961826
vt 0.414348 0.959505
vt 0.416300 0.959505
vt 0.416300 0.961826
vt 0.818884 0.987514
vt 0.818884 0.961504
vt 0.820837 0.961504
vt 0.820837 0.987514
vt 0.546020 0.980544
vt 0.543779 0.980544
vt 0.435390 0.961826
vt 0.435390 0.959505
vt 0.304041 0.903827
vt 0.304041 0.901506
vt 0.306282 0.901506
vt 0.306282 0.903827
vt 0.580243 0.916133
vt 0.580243 0.942143
vt 0.567238 0.929138
vt 0.285650 0.903827
vt 0.285650 0.901506
vt 0.304041 0.922219
vt 0.306282 0.922219
vt 0.546020 0.982497
vt 0.543779 0.982497
vt 0.437342 0.961826
vt 0.437342 0.959505
vt 0.351496 0.987515
vt 0.349543 0.987515
vt 0.349543 0.961505
vt 0.351496 0.961505
vt 0.543827 0.897505
vt 0.543827 0.915896
vt 0.524737 0.915896
vt 0.524737 0.897505
vt 0.408120 0.931886
vt 0.408120 0.934207
vt 0.405879 0.934207
vt 0.405879 0.931886
vt 0.216935 0.957890
vt 0.198543 0.939499
vt 0.216935 0.939499
vt 0.426512 0.931886
vt 0.426512 0.934207
vt 0.048678 0.913893
vt 0.029588 0.913893
vt 0.029588 0.895502
vt 0.048678 0.895502
vt 0.408120 0.913494
vt 0.405879 0.913494
vt 0.054254 0.969741
vt 0.052302 0.969741
vt 0.052302 0.967501
vt 0.054254 0.967501
vt 0.581421 0.957504
vt 0.581421 0.959456
vt 0.579099 0.959456
vt 0.579100 0.957504
vt 0.809238 0.971501
vt 0.809238 0.973453
vt 0.783229 0.973453
vt 0.783229 0.971501
vt 0.073344 0.967501
vt 0.073344 0.969741
vt 0.581421 0.978546
vt 0.579100 0.978546
vt 0.705064 0.905741
vt 0.705064 0.903501
vt 0.707385 0.903501
vt 0.707385 0.905741
vt 0.263351 0.946143
vt 0.250346 0.933138
vt 0.263351 0.920134
vt 0.707385 0.924133
vt 0.705064 0.924133
vt 0.686672 0.905741
vt 0.686672 0.903501
vt 0.075296 0.967501
vt 0.075296 0.969741
vt 0.581421 0.980498
vt 0.579100 0.980498
vt 0.078314 0.979453
vt 0.052304 0.979453
vt 0.052304 0.977501
vt 0.078314 0.977501
vt 0.022592 0.913893
vt 0.003502 0.913893
vt 0.003502 0.895501
vt 0.022592 0.895501
vt 0.872440 0.046890
vt 0.873436 0.046890
vt 0.873436 0.051229
vt 0.872440 0.051229
vt 0.873436 0.055568
vt 0.872440 0.055568
vt 0.872440 0.003500
vt 0.873436 0.003500
vt 0.873436 0.007839
vt 0.872440 0.007839
vt 0.873436 0.012178
vt 0.872440 0.012178
vt 0.873436 0.016517
vt 0.872440 0.016517
vt 0.873436 0.020856
vt 0.872440 0.020856
vt 0.873436 0.025195
vt 0.872440 0.025195
vt 0.873436 0.029534
vt 0.872440 0.029534
vt 0.873436 0.033873
vt 0.872440 0.033873
vt 0.873436 0.038212
vt 0.872440 0.038212
vt 0.414347 0.979766
vt 0.414347 0.975427
vt 0.422443 0.977596
vt 0.873436 0.042551
vt 0.872440 0.042551
vt 0.416516 0.983523
vt 0.420274 0.985693
vt 0.430540 0.975427
vt 0.430540 0.979766
vt 0.428370 0.983523
vt 0.424613 0.985693
vt 0.428370 0.971669
vt 0.424613 0.969500
vt 0.420274 0.969500
vt 0.416516 0.971669
vt 0.872440 0.106890
vt 0.873436 0.106890
vt 0.873436 0.111229
vt 0.872440 0.111229
vt 0.873436 0.115568
vt 0.872440 0.115568
vt 0.872440 0.063500
vt 0.873436 0.063500
vt 0.873436 0.067839
vt 0.872440 0.067839
vt 0.873436 0.072178
vt 0.872440 0.072178
vt 0.873436 0.076517
vt 0.872440 0.076517
vt 0.873436 0.080856
vt 0.872440 0.080856
vt 0.873436 0.085195
vt 0.872440 0.085195
vt 0.873436 0.089534
vt 0.872440 0.089534
vt 0.873436 0.093873
vt 0.872440 0.093873
vt 0.873436 0.098212
vt 0.872440 0.098212
vt 0.588417 0.981766
vt 0.588417 0.977427
vt 0.596513 0.979596
vt 0.873436 0.102551
vt 0.872440 0.102551
vt 0.590586 0.985523
vt 0.594344 0.987693
vt 0.604610 0.977427
vt 0.604610 0.981766
vt 0.602440 0.985523
vt 0.598683 0.987693
vt 0.602440 0.973669
vt 0.598683 0.971500
vt 0.594344 0.971500
vt 0.590586 0.973669
vt 0.872440 0.166890
vt 0.873436 0.166890
vt 0.873436 0.171229
vt 0.872440 0.171229
vt 0.873436 0.175568
vt 0.872440 0.175568
vt 0.872440 0.123500
vt 0.873436 0.123500
vt 0.873436 0.127839
vt 0.872440 0.127839
vt 0.873436 0.132178
vt 0.872440 0.132178
vt 0.873436 0.136517
vt 0.872440 0.136517
vt 0.873436 0.140856
vt 0.872440 0.140856
vt 0.873436 0.145195
vt 0.872440 0.145195
vt 0.873436 0.149534
vt 0.872440 0.149534
vt 0.873436 0.153873
vt 0.872440 0.153873
vt 0.873436 0.158212
vt 0.872440 0.158212
vt 0.232887 0.987766
vt 0.232887 0.983427
vt 0.240983 0.985596
vt 0.873436 0.162551
vt 0.872440 0.162551
vt 0.235056 0.991523
vt 0.238814 0.993693
vt 0.249080 0.983427
vt 0.249080 0.987766
vt 0.246910 0.991523
vt 0.243153 0.993693
vt 0.246910 0.979669
vt 0.243153 0.977500
vt 0.238814 0.977500
vt 0.235056 0.979669
vt 0.841509 0.250890
vt 0.842505 0.250890
vt 0.842505 0.255229
vt 0.841509 0.255229
vt 0.842505 0.259568
vt 0.841509 0.259568
vt 0.841509 0.207500
vt 0.842505 0.207500
vt 0.842505 0.211839
vt 0.841509 0.211839
vt 0.842505 0.216178
vt 0.841509 0.216178
vt 0.842505 0.220517
vt 0.841509 0.220517
vt 0.842505 0.224856
vt 0.841509 0.224856
vt 0.842505 0.229195
vt 0.841509 0.229195
vt 0.842505 0.233534
vt 0.841509 0.233534
vt 0.842505 0.237873
vt 0.841509 0.237873
vt 0.842505 0.242212
vt 0.841509 0.242212
vt 0.517729 0.987766
vt 0.517729 0.983427
vt 0.525826 0.985596
vt 0.842505 0.246551
vt 0.841509 0.246551
vt 0.519898 0.991523
vt 0.523656 0.993693
vt 0.533922 0.983427
vt 0.533922 0.987766
vt 0.531753 0.991523
vt 0.527995 0.993693
vt 0.531753 0.979669
vt 0.527995 0.977500
vt 0.523656 0.977500
vt 0.519898 0.979669
s 1
usemtl side_table_01
f 9/1/1 27/2/2 41/3/3 3/4/4
f 8/5/5 22/6/6 32/7/7 25/8/8
f 17/9/9 23/10/10 10/11/11 2/12/12
f 1/13/13 40/14/14 36/15/15 15/16/16
f 22/17/17 16/18/18 35/19/19 32/20/20
f 31/21/21 34/22/22 42/23/23 26/24/24
f 1/13/13 4/25/25 5/26/26 7/27/27
f 2/12/12 6/28/28 5/29/26 4/30/25
f 3/4/4 7/31/27 5/32/26 6/33/28
f 8/5/5 11/34/29 12/35/30 14/36/31
f 9/1/1 13/37/32 12/38/30 11/39/29
f 10/11/11 14/40/31 12/41/30 13/42/32
f 15/16/16 18/43/33 19/44/34 21/45/35
f 16/18/18 20/46/36 19/47/34 18/48/33
f 17/9/9 21/49/35 19/50/34 20/51/36
f 47/52/37 28/53/38 26/24/24 29/54/39
f 27/2/2 30/55/40 47/56/37
f 48/57/41 37/58/42 35/19/19 38/59/43
f 36/15/15 39/60/44 48/61/41
f 40/14/14 43/62/45 44/63/46 46/64/47
f 41/3/3 45/65/48 44/66/46 43/67/45
f 42/23/23 46/68/47 44/69/46 45/70/48
f 32/20/20 35/19/19 37/58/42 33/71/49
f 33/72/49 37/73/42 34/22/22 31/21/21
f 3/4/4 41/3/3 43/67/45 7/31/27
f 7/27/27 43/62/45 40/14/14 1/13/13
f 27/2/2 9/1/1 11/39/29 30/55/40
f 47/74/37 30/75/40 25/8/8 28/76/38
f 35/19/19 16/18/18 18/48/33 38/59/43
f 38/77/43 18/43/33 15/16/16 36/15/15
f 9/1/1 3/4/4 6/33/28 13/37/32
f 13/42/32 6/28/28 2/12/12 10/11/11
f 41/3/3 27/2/2 29/78/39 45/65/48
f 45/70/48 29/54/39 26/24/24 42/23/23
f 16/18/18 22/17/17 24/79/50 20/46/36
f 20/51/36 24/80/50 23/10/10 17/9/9
f 22/6/6 8/5/5 14/36/31 24/81/51
f 24/82/51 14/40/31 10/11/11 23/10/10
f 36/15/15 40/14/14 46/64/47 39/60/44
f 39/83/44 46/68/47 42/23/23 34/22/22
f 1/13/13 15/16/16 21/45/35 4/25/25
f 4/30/25 21/49/35 17/9/9 2/12/12
f 25/8/8 32/7/7 33/84/52 28/76/38
f 28/53/38 33/85/52 31/21/21 26/24/24
f 29/78/39 27/2/2 47/56/37
f 25/8/8 30/75/40 11/34/29 8/5/5
f 38/77/43 36/15/15 48/61/41
f 48/86/41 39/83/44 34/22/22 37/73/42
f 57/87/53 51/88/54 89/89/55 75/90/56
f 56/91/57 73/92/58 80/93/59 70/94/6
f 65/95/60 50/96/61 58/97/62 71/98/63
f 49/99/16 63/100/13 84/101/14 88/102/15
f 70/103/64 80/104/65 83/105/66 64/106/67
f 79/107/68 74/108/69 90/109/70 82/110/71
f 49/99/16 55/111/72 53/112/73 52/113/35
f 50/96/61 52/114/35 53/115/73 54/116/74
f 51/88/54 54/117/74 53/118/73 55/119/72
f 56/91/57 62/120/75 60/121/76 59/122/77
f 57/87/53 59/123/77 60/124/76 61/125/78
f 58/97/62 61/126/78 60/127/76 62/128/75
f 63/100/13 69/129/79 67/130/80 66/131/81
f 64/106/67 66/132/81 67/133/80 68/134/82
f 65/95/60 68/135/82 67/136/80 69/137/79
f 95/138/83 77/139/84 74/108/69 76/140/85
f 75/90/56 95/141/83 78/142/86
f 96/143/87 86/144/88 83/105/66 85/145/89
f 84/101/14 96/146/87 87/147/90
f 88/102/15 94/148/91 92/149/92 91/150/93
f 89/89/55 91/151/93 92/152/92 93/153/94
f 90/109/70 93/154/94 92/155/92 94/156/91
f 80/104/65 81/157/95 85/145/89 83/105/66
f 81/158/95 79/107/68 82/110/71 85/159/89
f 51/88/54 55/119/72 91/151/93 89/89/55
f 55/111/72 49/99/16 88/102/15 91/150/93
f 75/90/56 78/142/86 59/123/77 57/87/53
f 95/160/83 76/161/85 73/92/58 78/162/86
f 83/105/66 86/144/88 66/132/81 64/106/67
f 86/163/88 84/101/14 63/100/13 66/131/81
f 57/87/53 61/125/78 54/117/74 51/88/54
f 61/126/78 58/97/62 50/96/61 54/116/74
f 89/89/55 93/153/94 77/164/84 75/90/56
f 93/154/94 90/109/70 74/108/69 77/139/84
f 64/106/67 68/134/82 72/165/96 70/103/64
f 68/135/82 65/95/60 71/98/63 72/166/96
f 70/94/6 72/167/51 62/120/75 56/91/57
f 72/168/51 71/98/63 58/97/62 62/128/75
f 84/101/14 87/147/90 94/148/91 88/102/15
f 87/169/90 82/110/71 90/109/70 94/156/91
f 49/99/16 52/113/35 69/129/79 63/100/13
f 52/114/35 50/96/61 65/95/60 69/137/79
f 73/92/58 76/161/85 81/170/97 80/93/59
f 76/140/85 74/108/69 79/107/68 81/171/97
f 77/164/84 95/141/83 75/90/56
f 73/92/58 56/91/57 59/122/77 78/162/86
f 86/163/88 96/146/87 84/101/14
f 96/172/87 85/159/89 82/110/71 87/169/90
f 105/173/4 99/174/1 137/175/2 123/176/3
f 104/177/98 121/178/99 128/179/100 118/180/101
f 113/181/102 98/182/103 106/183/104 119/184/105
f 97/185/106 111/186/107 132/187/108 136/188/109
f 118/189/17 128/190/110 131/191/111 112/192/112
f 127/193/113 122/194/114 138/195/115 130/196/116
f 97/185/106 103/197/117 101/198/118 100/199/119
f 98/182/103 100/200/119 101/201/118 102/202/32
f 99/174/1 102/203/32 101/204/118 103/205/117
f 104/177/98 110/206/120 108/207/26 107/208/121
f 105/173/4 107/209/121 108/210/26 109/211/28
f 106/183/104 109/212/28 108/213/26 110/214/120
f 111/186/107 117/215/122 115/216/123 114/217/124
f 112/192/112 114/218/124 115/219/123 116/220/125
f 113/181/102 116/221/125 115/222/123 117/223/122
f 143/224/126 125/225/127 122/194/114 124/226/128
f 123/176/3 143/227/126 126/228/129
f 144/229/130 134/230/131 131/191/111 133/231/132
f 132/187/108 144/232/130 135/233/133
f 136/188/109 142/234/134 140/235/135 139/236/136
f 137/175/2 139/237/136 140/238/135 141/239/137
f 138/195/115 141/240/137 140/241/135 142/242/134
f 128/190/110 129/243/138 133/231/132 131/191/111
f 129/244/138 127/193/113 130/196/116 133/245/132
f 99/174/1 103/205/117 139/237/136 137/175/2
f 103/197/117 97/185/106 136/188/109 139/236/136
f 123/176/3 126/228/129 107/209/121 105/173/4
f 143/246/126 124/247/128 121/178/99 126/248/129
f 131/191/111 134/230/131 114/218/124 112/192/112
f 134/249/131 132/187/108 111/186/107 114/217/124
f 105/173/4 109/211/28 102/203/32 99/174/1
f 109/212/28 106/183/104 98/182/103 102/202/32
f 137/175/2 141/239/137 125/250/127 123/176/3
f 141/240/137 138/195/115 122/194/114 125/225/127
f 112/192/112 116/220/125 120/251/50 118/189/17
f 116/221/125 113/181/102 119/184/105 120/252/50
f 118/180/101 120/253/139 110/206/120 104/177/98
f 120/254/139 119/184/105 106/183/104 110/214/120
f 132/187/108 135/233/133 142/234/134 136/188/109
f 135/255/133 130/196/116 138/195/115 142/242/134
f 97/185/106 100/199/119 117/215/122 111/186/107
f 100/200/119 98/182/103 113/181/102 117/223/122
f 121/178/99 124/247/128 129/256/140 128/179/100
f 124/226/128 122/194/114 127/193/113 129/257/140
f 125/250/127 143/227/126 123/176/3
f 121/178/99 104/177/98 107/208/121 126/248/129
f 134/249/131 144/232/130 132/187/108
f 144/258/130 133/245/132 130/196/116 135/255/133
f 153/259/54 171/260/55 185/261/56 147/262/53
f 152/263/141 166/264/101 176/265/142 169/266/143
f 161/267/144 167/268/145 154/269/146 146/270/147
f 145/271/107 184/272/108 180/273/109 159/274/106
f 166/275/64 160/276/148 179/277/149 176/278/150
f 175/279/151 178/280/152 186/281/153 170/282/154
f 145/271/107 148/283/155 149/284/76 151/285/156
f 146/270/147 150/286/78 149/287/76 148/288/155
f 147/262/53 151/289/156 149/290/76 150/291/78
f 152/263/141 155/292/157 156/293/158 158/294/159
f 153/259/54 157/295/74 156/296/158 155/297/157
f 154/269/146 158/298/159 156/299/158 157/300/74
f 159/274/106 162/301/160 163/302/161 165/303/119
f 160/276/148 164/304/162 163/305/161 162/306/160
f 161/267/144 165/307/119 163/308/161 164/309/162
f 191/310/163 172/311/164 170/282/154 173/312/165
f 171/260/55 174/313/166 191/314/163
f 192/315/167 181/316/168 179/277/149 182/317/169
f 180/273/109 183/318/170 192/319/167
f 184/272/108 187/320/171 188/321/172 190/322/173
f 185/261/56 189/323/174 188/324/172 187/325/171
f 186/281/153 190/326/173 188/327/172 189/328/174
f 176/278/150 179/277/149 181/316/168 177/329/175
f 177/330/175 181/331/168 178/280/152 175/279/151
f 147/262/53 185/261/56 187/325/171 151/289/156
f 151/285/156 187/320/171 184/272/108 145/271/107
f 171/260/55 153/259/54 155/297/157 174/313/166
f 191/332/163 174/333/166 169/266/143 172/334/164
f 179/277/149 160/276/148 162/306/160 182/317/169
f 182/335/169 162/301/160 159/274/106 180/273/109
f 153/259/54 147/262/53 150/291/78 157/295/74
f 157/300/74 150/286/78 146/270/147 154/269/146
f 185/261/56 171/260/55 173/336/165 189/323/174
f 189/328/174 173/312/165 170/282/154 186/281/153
f 160/276/148 166/275/64 168/337/96 164/304/162
f 164/309/162 168/338/96 167/268/145 161/267/144
f 166/264/101 152/263/141 158/294/159 168/339/139
f 168/340/139 158/298/159 154/269/146 167/268/145
f 180/273/109 184/272/108 190/322/173 183/318/170
f 183/341/170 190/326/173 186/281/153 178/280/152
f 145/271/107 159/274/106 165/303/119 148/283/155
f 148/288/155 165/307/119 161/267/144 146/270/147
f 169/266/143 176/265/142 177/342/176 172/334/164
f 172/311/164 177/343/176 175/279/151 170/282/154
f 173/336/165 171/260/55 191/314/163
f 169/266/143 174/333/166 155/292/157 152/263/141
f 182/335/169 180/273/109 192/319/167
f 192/344/167 183/341/170 178/280/152 181/331/168
f 233/345/177 250/346/178 210/347/178 193/348/177
f 235/349/177 247/350/179 207/351/178 195/352/177
f 194/353/180 198/354/180 204/355/180
f 223/356/181 222/357/182 202/358/182 203/359/181
f 226/360/181 225/361/182 205/362/182 206/363/181
f 248/364/183 239/365/180 199/366/180 208/367/183
f 196/368/184 208/369/184 199/370/184
f 196/371/180 197/372/180 201/373/180
f 251/374/185 240/375/180 200/376/180 211/377/186
f 194/378/184 211/379/184 200/380/184
f 209/381/187 249/382/187 248/364/183 208/367/183
f 212/383/187 252/384/187 251/374/185 211/377/186
f 207/351/178 247/350/179 249/385/187 209/386/187
f 210/347/178 250/346/178 252/387/187 212/388/187
f 221/389/188 223/390/181 203/391/181 201/392/188
f 197/393/184 217/394/184 221/389/188 201/392/188
f 239/395/189 236/396/189 196/397/189 199/398/189
f 235/349/177 195/352/177 215/399/177 255/400/177
f 224/401/190 226/402/181 206/403/181 204/404/190
f 224/401/190 204/404/190 198/405/184 218/406/184
f 205/362/182 225/361/182 213/407/177 193/348/177
f 240/408/189 234/409/189 194/410/189 200/411/189
f 209/412/184 208/369/184 196/368/184
f 195/413/184 207/414/191 196/368/184
f 195/415/180 196/371/180 202/416/180
f 196/371/180 201/373/180 203/417/180
f 207/414/191 209/412/184 196/368/184
f 202/416/180 196/371/180 203/417/180
f 233/345/177 193/348/177 213/407/177 253/418/177
f 212/419/184 211/379/184 194/378/184
f 193/420/184 210/421/184 194/378/184
f 210/421/184 212/419/184 194/378/184
f 193/422/180 194/353/180 205/423/180
f 205/423/180 194/353/180 206/424/180
f 206/424/180 194/353/180 204/355/180
f 253/418/177 213/407/177 230/425/192 270/426/192
f 202/358/182 222/357/182 215/399/177 195/352/177
f 255/400/177 215/399/177 227/427/193 267/428/192
f 214/429/194 224/430/194 218/431/194
f 263/432/195 243/433/195 242/434/196 262/435/196
f 266/436/195 246/437/195 245/438/196 265/439/196
f 268/440/197 228/441/197 219/442/194 259/443/194
f 216/444/184 219/445/184 228/446/184
f 216/447/194 221/448/194 217/449/194
f 271/450/198 231/451/199 220/452/194 260/453/194
f 214/454/184 220/455/184 231/456/184
f 228/441/197 268/440/197 269/457/200 229/458/200
f 231/451/199 271/450/198 272/459/200 232/460/200
f 229/461/200 269/462/200 267/428/192 227/427/193
f 232/463/200 272/464/200 270/426/192 230/425/192
f 196/397/189 216/465/189 217/466/189 197/467/189
f 194/410/189 214/468/189 218/469/189 198/470/189
f 229/471/184 216/444/184 228/446/184
f 215/472/184 216/444/184 227/473/184
f 215/474/194 222/475/201 216/447/194
f 216/447/194 223/476/194 221/448/194
f 227/473/184 216/444/184 229/471/184
f 222/475/201 223/476/194 216/447/194
f 232/477/184 214/454/184 231/456/184
f 213/478/184 214/454/184 230/479/184
f 230/479/184 214/454/184 232/477/184
f 213/480/194 225/481/202 214/429/194
f 225/481/202 226/482/194 214/429/194
f 226/482/194 224/430/194 214/429/194
f 235/349/177 255/400/177 262/435/196 242/434/196
f 237/483/189 257/484/189 256/485/189 236/396/189
f 238/486/189 258/487/189 254/488/189 234/409/189
f 234/489/180 244/490/180 238/491/180
f 236/492/203 239/493/203 248/494/203
f 236/495/180 241/496/180 237/497/180
f 234/498/203 240/499/203 251/500/203
f 261/501/204 241/502/204 243/503/195 263/504/195
f 241/502/204 261/501/204 257/505/203 237/506/203
f 264/507/205 244/508/205 246/509/195 266/510/195
f 264/507/205 258/511/203 238/512/203 244/508/205
f 233/345/177 253/418/177 265/439/196 245/438/196
f 249/513/203 236/492/203 248/494/203
f 235/514/203 236/492/203 247/515/206
f 235/516/180 242/517/180 236/495/180
f 236/495/180 243/518/180 241/496/180
f 247/515/206 236/492/203 249/513/203
f 242/517/180 243/518/180 236/495/180
f 252/519/203 234/498/203 251/500/203
f 233/520/203 234/498/203 250/521/203
f 250/521/203 234/498/203 252/519/203
f 233/522/180 245/523/180 234/489/180
f 245/523/180 246/524/180 234/489/180
f 246/524/180 244/490/180 234/489/180
f 234/409/189 254/488/189 214/468/189 194/410/189
f 236/396/189 256/485/189 216/465/189 196/397/189
f 254/525/194 258/526/194 264/527/194
f 256/528/203 268/529/203 259/530/203
f 256/531/194 257/532/194 261/533/194
f 254/534/203 271/535/203 260/536/203
f 259/537/189 219/538/189 216/465/189 256/485/189
f 260/539/189 220/540/189 214/468/189 254/488/189
f 269/541/203 268/529/203 256/528/203
f 255/542/203 267/543/203 256/528/203
f 255/544/194 256/531/194 262/545/202
f 256/531/194 261/533/194 263/546/194
f 267/543/203 269/541/203 256/528/203
f 262/545/202 256/531/194 263/546/194
f 272/547/203 271/535/203 254/534/203
f 253/548/203 270/549/203 254/534/203
f 270/549/203 272/547/203 254/534/203
f 253/550/194 254/525/194 265/551/201
f 265/551/201 254/525/194 266/552/194
f 266/552/194 254/525/194 264/527/194
f 332/553/207 290/554/207 282/555/208 324/556/208
f 400/557/189 403/558/189 319/559/189 316/560/189
f 348/561/195 347/562/196 305/563/196 306/564/195
f 289/565/203 288/566/203 298/567/203
f 275/568/203 284/569/203 286/570/203
f 392/571/197 361/572/194 277/573/194 308/574/197
f 308/575/203 277/576/203 274/577/203
f 310/578/203 300/579/203 303/580/203
f 372/581/209 368/582/210 284/583/210 288/584/209
f 301/585/211 385/586/211 377/587/212 293/588/212
f 313/589/194 281/590/194 283/591/194
f 294/592/203 302/593/203 295/594/203
f 315/595/177 273/596/177 305/563/196 347/562/196
f 391/597/192 307/598/192 273/596/177 357/599/177
f 371/600/213 373/601/214 289/602/214 287/603/215
f 302/593/203 298/567/203 275/568/203 310/578/203
f 274/604/194 305/605/194 273/606/194
f 302/593/203 310/578/203 301/607/203 293/608/203
f 310/578/203 275/568/203 285/609/203 300/579/203
f 298/567/203 288/566/203 284/569/203 275/568/203
f 294/592/203 287/610/203 298/567/203 302/593/203
f 373/611/214 372/581/209 288/584/209 289/612/214
f 368/582/210 370/613/187 286/614/187 284/583/210
f 370/615/187 369/616/216 285/617/217 286/618/187
f 384/619/218 387/620/200 303/621/200 300/622/219
f 387/623/200 385/586/211 301/585/211 303/624/200
f 377/587/212 379/625/220 295/626/220 293/588/212
f 379/627/220 378/628/221 294/629/222 295/630/220
f 391/597/192 393/631/200 309/632/200 307/598/192
f 393/633/200 392/571/197 308/574/197 309/634/200
f 384/619/218 300/622/219 285/617/217 369/616/216
f 302/593/203 293/608/203 295/594/203
f 346/635/223 348/636/195 306/637/195 304/638/205
f 276/639/203 318/640/203 346/635/223 304/638/205
f 332/553/207 334/641/224 292/642/224 290/554/207
f 341/643/195 339/644/225 297/645/225 299/646/195
f 338/647/226 341/648/195 299/649/195 296/650/226
f 325/651/227 324/556/208 282/555/208 283/652/227
f 323/653/228 325/654/227 283/655/227 281/656/228
f 322/657/181 321/658/229 279/659/229 280/660/181
f 320/661/230 322/662/181 280/663/181 278/664/230
f 320/661/230 278/664/230 297/645/225 339/644/225
f 279/659/229 321/658/229 323/653/228 281/656/228
f 291/665/231 333/666/231 338/647/226 296/650/226
f 273/667/203 307/668/203 274/577/203
f 307/668/203 309/669/203 274/577/203
f 309/669/203 308/575/203 274/577/203
f 306/670/194 305/605/194 274/604/194
f 276/671/194 304/672/194 274/604/194
f 304/672/194 306/670/194 274/604/194
f 371/600/213 287/603/215 294/629/222 378/628/221
f 285/609/203 275/568/203 286/570/203
f 287/610/203 289/565/203 298/567/203
f 280/673/194 279/674/194 314/675/194
f 314/675/194 279/674/194 281/590/194 313/589/194
f 296/676/194 311/677/194 312/678/194 291/679/194
f 299/680/194 297/681/194 311/677/194
f 312/678/194 290/682/194 292/683/194
f 311/677/194 314/675/194 313/589/194 312/678/194
f 312/678/194 313/589/194 282/684/194 290/682/194
f 297/681/194 278/685/194 314/675/194 311/677/194
f 282/684/194 313/589/194 283/591/194
f 291/679/194 312/678/194 292/683/194
f 296/676/194 299/680/194 311/677/194
f 278/685/194 280/673/194 314/675/194
f 301/607/203 310/578/203 303/580/203
f 318/686/189 276/687/189 274/688/189 316/560/189
f 331/689/203 340/690/203 330/691/203
f 317/692/203 328/693/203 326/694/203
f 434/695/183 350/696/183 319/697/180 403/698/180
f 350/699/203 316/700/203 319/701/203
f 352/702/203 345/703/203 342/704/203
f 414/705/232 330/706/232 326/707/233 410/708/233
f 335/709/234 419/710/234 427/711/235 343/712/235
f 355/713/180 325/714/180 323/715/180
f 336/716/203 337/717/203 344/718/203
f 433/719/178 399/720/177 315/595/177 349/721/178
f 413/722/236 329/723/237 331/724/220 415/725/220
f 344/718/203 352/702/203 317/692/203 340/690/203
f 357/599/177 273/596/177 315/595/177 399/720/177
f 316/726/180 315/727/180 347/728/180
f 344/718/203 335/729/203 343/730/203 352/702/203
f 352/702/203 342/704/203 327/731/203 317/692/203
f 340/690/203 317/692/203 326/694/203 330/691/203
f 336/716/203 344/718/203 340/690/203 329/732/203
f 415/733/220 331/734/220 330/706/232 414/705/232
f 410/708/233 326/707/233 328/735/200 412/736/200
f 412/737/200 328/738/200 327/739/238 411/740/239
f 426/741/240 342/742/241 345/743/187 429/744/187
f 429/745/187 345/746/187 343/712/235 427/711/235
f 419/710/234 335/709/234 337/747/214 421/748/214
f 421/749/214 337/750/214 336/751/242 420/752/243
f 433/719/178 349/721/178 351/753/187 435/754/187
f 435/755/187 351/756/187 350/696/183 434/695/183
f 426/741/240 411/740/239 327/739/238 342/742/241
f 344/718/203 337/717/203 335/729/203
f 334/757/224 333/666/231 291/665/231 292/758/224
f 315/759/203 316/700/203 349/760/203
f 349/760/203 316/700/203 351/761/203
f 351/761/203 316/700/203 350/699/203
f 348/762/180 316/726/180 347/728/180
f 318/763/180 316/726/180 346/764/180
f 346/764/180 316/726/180 348/762/180
f 413/722/236 420/752/243 336/751/242 329/723/237
f 327/731/203 328/693/203 317/692/203
f 329/732/203 340/690/203 331/689/203
f 322/765/180 356/766/180 321/767/180
f 356/766/180 355/713/180 323/715/180 321/767/180
f 338/768/180 333/769/180 354/770/180 353/771/180
f 341/772/180 353/771/180 339/773/180
f 354/770/180 334/774/180 332/775/180
f 353/771/180 354/770/180 355/713/180 356/766/180
f 354/770/180 332/775/180 324/776/180 355/713/180
f 339/773/180 353/771/180 356/766/180 320/777/180
f 324/776/180 325/714/180 355/713/180
f 333/769/180 334/774/180 354/770/180
f 338/768/180 353/771/180 341/772/180
f 320/777/180 356/766/180 322/765/180
f 343/730/203 345/703/203 352/702/203
f 416/778/244 408/779/245 366/780/245 374/781/244
f 373/782/184 382/783/184 372/784/184
f 359/785/184 370/786/184 368/787/184
f 392/788/184 358/789/184 361/790/184
f 394/791/184 387/792/184 384/793/184
f 397/794/194 367/795/194 365/796/194
f 378/797/184 379/798/184 386/799/184
f 399/720/177 431/800/182 389/801/182 357/599/177
f 386/799/184 394/791/184 359/785/184 382/783/184
f 358/802/194 357/803/194 389/804/194
f 386/799/184 377/805/184 385/806/184 394/791/184
f 394/791/184 384/793/184 369/807/184 359/785/184
f 382/783/184 359/785/184 368/787/184 372/784/184
f 378/797/184 386/799/184 382/783/184 371/808/184
f 386/799/184 379/798/184 377/805/184
f 430/809/190 388/810/246 390/811/181 432/812/181
f 388/810/246 430/809/190 402/813/184 360/814/184
f 402/815/189 400/557/189 358/816/189 360/817/189
f 418/818/227 376/819/227 375/820/247 417/821/247
f 416/778/244 374/781/244 376/822/227 418/823/227
f 425/824/181 383/825/181 381/826/248 423/827/248
f 422/828/249 380/829/249 383/830/181 425/831/181
f 409/832/224 367/833/224 366/780/245 408/779/245
f 407/834/250 365/835/250 367/836/224 409/837/224
f 406/838/195 364/839/195 363/840/251 405/841/251
f 404/842/252 362/843/252 364/844/195 406/845/195
f 404/842/252 423/827/248 381/826/248 362/843/252
f 365/835/250 407/834/250 405/841/251 363/840/251
f 380/829/249 422/828/249 417/821/247 375/820/247
f 357/846/184 358/789/184 391/847/184
f 391/847/184 358/789/184 393/848/184
f 393/848/184 358/789/184 392/788/184
f 390/849/194 358/802/194 389/804/194
f 360/850/194 358/802/194 388/851/194
f 388/851/194 358/802/194 390/849/194
f 369/807/184 370/786/184 359/785/184
f 371/808/184 382/783/184 373/782/184
f 364/852/194 398/853/194 363/854/194
f 398/853/194 397/794/194 365/796/194 363/854/194
f 380/855/194 375/856/194 396/857/194 395/858/194
f 383/859/194 395/858/194 381/860/194
f 396/857/194 376/861/194 374/862/194
f 395/858/194 396/857/194 397/794/194 398/853/194
f 396/857/194 374/862/194 366/863/194 397/794/194
f 381/860/194 395/858/194 398/853/194 362/864/194
f 366/863/194 367/795/194 397/794/194
f 375/856/194 376/861/194 396/857/194
f 380/855/194 395/858/194 383/859/194
f 362/864/194 398/853/194 364/852/194
f 385/806/184 387/792/184 394/791/184
f 432/865/181 390/866/181 389/801/182 431/800/182
f 415/867/184 414/868/184 424/869/184
f 401/870/184 410/871/184 412/872/184
f 434/873/184 403/874/184 400/875/184
f 436/876/184 426/877/184 429/878/184
f 439/879/180 407/880/180 409/881/180
f 420/882/184 428/883/184 421/884/184
f 428/883/184 424/869/184 401/870/184 436/876/184
f 400/885/180 431/886/180 399/887/180
f 428/883/184 436/876/184 427/888/184 419/889/184
f 436/876/184 401/870/184 411/890/184 426/877/184
f 424/869/184 414/868/184 410/871/184 401/870/184
f 420/882/184 413/891/184 424/869/184 428/883/184
f 428/883/184 419/889/184 421/884/184
f 316/560/189 274/688/189 358/816/189 400/557/189
f 399/892/184 433/893/184 400/875/184
f 433/893/184 435/894/184 400/875/184
f 435/894/184 434/873/184 400/875/184
f 432/895/180 431/886/180 400/885/180
f 402/896/180 430/897/180 400/885/180
f 430/897/180 432/895/180 400/885/180
f 411/890/184 401/870/184 412/872/184
f 413/891/184 415/867/184 424/869/184
f 406/898/180 405/899/180 440/900/180
f 440/900/180 405/899/180 407/880/180 439/879/180
f 422/901/180 437/902/180 438/903/180 417/904/180
f 425/905/180 423/906/180 437/902/180
f 438/903/180 416/907/180 418/908/180
f 437/902/180 440/900/180 439/879/180 438/903/180
f 438/903/180 439/879/180 408/909/180 416/907/180
f 423/906/180 404/910/180 440/900/180 437/902/180
f 408/909/180 439/879/180 409/881/180
f 417/904/180 438/903/180 418/908/180
f 422/901/180 425/905/180 437/902/180
f 404/910/180 406/898/180 440/900/180
f 427/888/184 436/876/184 429/878/184
f 358/816/189 274/688/189 277/911/189 361/912/189
f 441/913/184 442/914/184 444/915/253 443/916/253
f 443/916/253 444/915/253 446/917/254 445/918/254
f 445/918/254 446/917/254 448/919/189 447/920/189
f 447/920/189 448/919/189 450/921/255 449/922/255
f 449/922/255 450/921/255 452/923/256 451/924/256
f 451/924/256 452/923/256 454/925/203 453/926/203
f 453/926/203 454/925/203 456/927/257 455/928/257
f 455/928/257 456/927/257 458/929/258 457/930/258
f 457/930/258 458/929/258 460/931/177 459/932/177
f 459/933/177 460/934/177 462/935/259 461/936/259
f 462/937/180 460/938/180 465/939/180
f 461/936/259 462/935/259 464/940/260 463/941/260
f 463/941/260 464/940/260 442/914/184 441/913/184
f 446/942/180 444/943/180 465/939/180
f 460/938/180 458/944/180 465/939/180
f 458/944/180 456/945/180 465/939/180
f 456/945/180 454/946/180 465/939/180
f 454/946/180 452/947/180 465/939/180
f 452/947/180 450/948/180 465/939/180
f 450/948/180 448/949/180 465/939/180
f 442/950/180 464/951/180 465/939/180
f 444/943/180 442/950/180 465/939/180
f 448/949/180 446/942/180 465/939/180
f 464/951/180 462/937/180 465/939/180
f 466/952/184 467/953/184 469/954/261 468/955/261
f 468/955/261 469/954/261 471/956/262 470/957/262
f 470/957/262 471/956/262 473/958/194 472/959/194
f 472/960/194 473/961/194 475/962/263 474/963/263
f 474/963/263 475/962/263 477/964/264 476/965/264
f 476/965/264 477/964/264 479/966/203 478/967/203
f 478/967/203 479/966/203 481/968/265 480/969/265
f 480/969/265 481/968/265 483/970/266 482/971/266
f 482/971/266 483/970/266 485/972/180 484/973/180
f 484/973/180 485/972/180 487/974/267 486/975/267
f 487/976/189 485/977/189 490/978/189
f 486/975/267 487/974/267 489/979/268 488/980/268
f 488/980/268 489/979/268 467/953/184 466/952/184
f 471/981/189 469/982/189 490/978/189
f 485/977/189 483/983/189 490/978/189
f 483/983/189 481/984/189 490/978/189
f 481/984/189 479/985/189 490/978/189
f 479/985/189 477/986/189 490/978/189
f 477/986/189 475/987/189 490/978/189
f 475/987/189 473/988/189 490/978/189
f 467/989/189 489/990/189 490/978/189
f 469/982/189 467/989/189 490/978/189
f 473/988/189 471/981/189 490/978/189
f 489/990/189 487/976/189 490/978/189
f 491/991/184 493/992/253 494/993/253 492/994/184
f 493/992/253 495/995/254 496/996/254 494/993/253
f 495/995/254 497/997/189 498/998/189 496/996/254
f 497/997/189 499/999/255 500/1000/255 498/998/189
f 499/999/255 501/1001/256 502/1002/256 500/1000/255
f 501/1001/256 503/1003/203 504/1004/203 502/1002/256
f 503/1003/203 505/1005/257 506/1006/257 504/1004/203
f 505/1005/257 507/1007/258 508/1008/258 506/1006/257
f 507/1007/258 509/1009/177 510/1010/177 508/1008/258
f 509/1011/177 511/1012/259 512/1013/259 510/1014/177
f 512/1015/194 515/1016/194 510/1017/194
f 511/1012/259 513/1018/260 514/1019/260 512/1013/259
f 513/1018/260 491/991/184 492/994/184 514/1019/260
f 496/1020/194 515/1016/194 494/1021/194
f 510/1017/194 515/1016/194 508/1022/194
f 508/1022/194 515/1016/194 506/1023/194
f 506/1023/194 515/1016/194 504/1024/194
f 504/1024/194 515/1016/194 502/1025/194
f 502/1025/194 515/1016/194 500/1026/194
f 500/1026/194 515/1016/194 498/1027/194
f 492/1028/194 515/1016/194 514/1029/194
f 494/1021/194 515/1016/194 492/1028/194
f 498/1027/194 515/1016/194 496/1020/194
f 514/1029/194 515/1016/194 512/1015/194
f 516/1030/184 518/1031/268 519/1032/268 517/1033/184
f 518/1031/268 520/1034/267 521/1035/267 519/1032/268
f 520/1034/267 522/1036/180 523/1037/180 521/1035/267
f 522/1038/180 524/1039/266 525/1040/266 523/1041/180
f 524/1039/266 526/1042/265 527/1043/265 525/1040/266
f 526/1042/265 528/1044/203 529/1045/203 527/1043/265
f 528/1044/203 530/1046/264 531/1047/264 529/1045/203
f 530/1046/264 532/1048/263 533/1049/263 531/1047/264
f 532/1048/263 534/1050/194 535/1051/194 533/1049/263
f 534/1050/194 536/1052/262 537/1053/262 535/1051/194
f 537/1054/189 540/1055/189 535/1056/189
f 536/1052/262 538/1057/261 539/1058/261 537/1053/262
f 538/1057/261 516/1030/184 517/1033/184 539/1058/261
f 521/1059/189 540/1055/189 519/1060/189
f 535/1056/189 540/1055/189 533/1061/189
f 533/1061/189 540/1055/189 531/1062/189
f 531/1062/189 540/1055/189 529/1063/189
f 529/1063/189 540/1055/189 527/1064/189
f 527/1064/189 540/1055/189 525/1065/189
f 525/1065/189 540/1055/189 523/1066/189
f 517/1067/189 540/1055/189 539/1068/189
f 519/1060/189 540/1055/189 517/1067/189
f 523/1066/189 540/1055/189 521/1059/189
f 539/1068/189 540/1055/189 537/1054/189
f 541/1069/203 543/1070/256 544/1071/256 542/1072/203
f 543/1070/256 545/1073/255 546/1074/255 544/1071/256
f 545/1073/255 547/1075/189 548/1076/189 546/1074/255
f 547/1075/189 549/1077/254 550/1078/254 548/1076/189
f 549/1077/254 551/1079/253 552/1080/253 550/1078/254
f 551/1079/253 553/1081/184 554/1082/184 552/1080/253
f 553/1081/184 555/1083/260 556/1084/260 554/1082/184
f 555/1083/260 557/1085/259 558/1086/259 556/1084/260
f 557/1085/259 559/1087/177 560/1088/177 558/1086/259
f 559/1089/177 561/1090/258 562/1091/258 560/1092/177
f 562/1093/180 565/1094/180 560/1095/180
f 561/1090/258 563/1096/257 564/1097/257 562/1091/258
f 563/1096/257 541/1069/203 542/1072/203 564/1097/257
f 546/1098/180 565/1094/180 544/1099/180
f 560/1095/180 565/1094/180 558/1100/180
f 558/1100/180 565/1094/180 556/1101/180
f 556/1101/180 565/1094/180 554/1102/180
f 554/1102/180 565/1094/180 552/1103/180
f 552/1103/180 565/1094/180 550/1104/180
f 550/1104/180 565/1094/180 548/1105/180
f 542/1106/180 565/1094/180 564/1107/180
f 544/1099/180 565/1094/180 542/1106/180
f 548/1105/180 565/1094/180 546/1098/180
f 564/1107/180 565/1094/180 562/1093/180
f 566/1108/203 568/1109/264 569/1110/264 567/1111/203
f 568/1109/264 570/1112/263 571/1113/263 569/1110/264
f 570/1112/263 572/1114/194 573/1115/194 571/1113/263
f 572/1116/194 574/1117/262 575/1118/262 573/1119/194
f 574/1117/262 576/1120/261 577/1121/261 575/1118/262
f 576/1120/261 578/1122/184 579/1123/184 577/1121/261
f 578/1122/184 580/1124/268 581/1125/268 579/1123/184
f 580/1124/268 582/1126/267 583/1127/267 581/1125/268
f 582/1126/267 584/1128/180 585/1129/180 583/1127/267
f 584/1128/180 586/1130/266 587/1131/266 585/1129/180
f 587/1132/189 590/1133/189 585/1134/189
f 586/1130/266 588/1135/265 589/1136/265 587/1131/266
f 588/1135/265 566/1108/203 567/1111/203 589/1136/265
f 571/1137/189 590/1133/189 569/1138/189
f 585/1134/189 590/1133/189 583/1139/189
f 583/1139/189 590/1133/189 581/1140/189
f 581/1140/189 590/1133/189 579/1141/189
f 579/1141/189 590/1133/189 577/1142/189
f 577/1142/189 590/1133/189 575/1143/189
f 575/1143/189 590/1133/189 573/1144/189
f 567/1145/189 590/1133/189 589/1146/189
f 569/1138/189 590/1133/189 567/1145/189
f 573/1144/189 590/1133/189 571/1137/189
f 589/1146/189 590/1133/189 587/1132/189
f 591/1147/203 592/1148/203 594/1149/256 593/1150/256
f 593/1150/256 594/1149/256 596/1151/255 595/1152/255
f 595/1152/255 596/1151/255 598/1153/189 597/1154/189
f 597/1154/189 598/1153/189 600/1155/254 599/1156/254
f 599/1156/254 600/1155/254 602/1157/253 601/1158/253
f 601/1158/253 602/1157/253 604/1159/184 603/1160/184
f 603/1160/184 604/1159/184 606/1161/260 605/1162/260
f 605/1162/260 606/1161/260 608/1163/259 607/1164/259
f 607/1164/259 608/1163/259 610/1165/177 609/1166/177
f 609/1167/177 610/1168/177 612/1169/258 611/1170/258
f 612/1171/194 610/1172/194 615/1173/194
f 611/1170/258 612/1169/258 614/1174/257 613/1175/257
f 613/1175/257 614/1174/257 592/1148/203 591/1147/203
f 596/1176/194 594/1177/194 615/1173/194
f 610/1172/194 608/1178/194 615/1173/194
f 608/1178/194 606/1179/194 615/1173/194
f 606/1179/194 604/1180/194 615/1173/194
f 604/1180/194 602/1181/194 615/1173/194
f 602/1181/194 600/1182/194 615/1173/194
f 600/1182/194 598/1183/194 615/1173/194
f 592/1184/194 614/1185/194 615/1173/194
f 594/1177/194 592/1184/194 615/1173/194
f 598/1183/194 596/1176/194 615/1173/194
f 614/1185/194 612/1171/194 615/1173/194
f 616/1186/203 617/1187/203 619/1188/265 618/1189/265
f 618/1189/265 619/1188/265 621/1190/266 620/1191/266
f 620/1191/266 621/1190/266 623/1192/180 622/1193/180
f 622/1194/180 623/1195/180 625/1196/267 624/1197/267
f 624/1197/267 625/1196/267 627/1198/268 626/1199/268
f 626/1199/268 627/1198/268 629/1200/184 628/1201/184
f 628/1201/184 629/1200/184 631/1202/261 630/1203/261
f 630/1203/261 631/1202/261 633/1204/262 632/1205/262
f 632/1205/262 633/1204/262 635/1206/194 634/1207/194
f 634/1207/194 635/1206/194 637/1208/263 636/1209/263
f 637/1210/189 635/1211/189 640/1212/189
f 636/1209/263 637/1208/263 639/1213/264 638/1214/264
f 638/1214/264 639/1213/264 617/1187/203 616/1186/203
f 621/1215/189 619/1216/189 640/1212/189
f 635/1211/189 633/1217/189 640/1212/189
f 633/1217/189 631/1218/189 640/1212/189
f 631/1218/189 629/1219/189 640/1212/189
f 629/1219/189 627/1220/189 640/1212/189
f 627/1220/189 625/1221/189 640/1212/189
f 625/1221/189 623/1222/189 640/1212/189
f 617/1223/189 639/1224/189 640/1212/189
f 619/1216/189 617/1223/189 640/1212/189
f 623/1222/189 621/1215/189 640/1212/189
f 639/1224/189 637/1210/189 640/1212/189
f 641/1225/184 642/1226/184 644/1227/253 643/1228/253
f 643/1228/253 644/1227/253 646/1229/254 645/1230/254
f 645/1230/254 646/1229/254 648/1231/189 647/1232/189
f 647/1232/189 648/1231/189 650/1233/255 649/1234/255
f 649/1234/255 650/1233/255 652/1235/256 651/1236/256
f 651/1236/256 652/1235/256 654/1237/203 653/1238/203
f 653/1238/203 654/1237/203 656/1239/257 655/1240/257
f 655/1240/257 656/1239/257 658/1241/258 657/1242/258
f 657/1242/258 658/1241/258 660/1243/177 659/1244/177
f 659/1245/177 660/1246/177 662/1247/259 661/1248/259
f 662/1249/180 660/1250/180 665/1251/180
f 661/1248/259 662/1247/259 664/1252/260 663/1253/260
f 663/1253/260 664/1252/260 642/1226/184 641/1225/184
f 646/1254/180 644/1255/180 665/1251/180
f 660/1250/180 658/1256/180 665/1251/180
f 658/1256/180 656/1257/180 665/1251/180
f 656/1257/180 654/1258/180 665/1251/180
f 654/1258/180 652/1259/180 665/1251/180
f 652/1259/180 650/1260/180 665/1251/180
f 650/1260/180 648/1261/180 665/1251/180
f 642/1262/180 664/1263/180 665/1251/180
f 644/1255/180 642/1262/180 665/1251/180
f 648/1261/180 646/1254/180 665/1251/180
f 664/1263/180 662/1249/180 665/1251/180
f 666/1264/184 667/1265/184 669/1266/261 668/1267/261
f 668/1267/261 669/1266/261 671/1268/262 670/1269/262
f 670/1269/262 671/1268/262 673/1270/194 672/1271/194
f 672/1272/194 673/1273/194 675/1274/263 674/1275/263
f 674/1275/263 675/1274/263 677/1276/264 676/1277/264
f 676/1277/264 677/1276/264 679/1278/203 678/1279/203
f 678/1279/203 679/1278/203 681/1280/265 680/1281/265
f 680/1281/265 681/1280/265 683/1282/266 682/1283/266
f 682/1283/266 683/1282/266 685/1284/180 684/1285/180
f 684/1285/180 685/1284/180 687/1286/267 686/1287/267
f 687/1288/189 685/1289/189 690/1290/189
f 686/1287/267 687/1286/267 689/1291/268 688/1292/268
f 688/1292/268 689/1291/268 667/1265/184 666/1264/184
f 671/1293/189 669/1294/189 690/1290/189
f 685/1289/189 683/1295/189 690/1290/189
f 683/1295/189 681/1296/189 690/1290/189
f 681/1296/189 679/1297/189 690/1290/189
f 679/1297/189 677/1298/189 690/1290/189
f 677/1298/189 675/1299/189 690/1290/189
f 675/1299/189 673/1300/189 690/1290/189
f 667/1301/189 689/1302/189 690/1290/189
f 669/1294/189 667/1301/189 690/1290/189
f 673/1300/189 671/1293/189 690/1290/189
f 689/1302/189 687/1288/189 690/1290/189
f 691/1303/184 693/1304/253 694/1305/253 692/1306/184
f 693/1304/253 695/1307/254 696/1308/254 694/1305/253
f 695/1307/254 697/1309/189 698/1310/189 696/1308/254
f 697/1309/189 699/1311/255 700/1312/255 698/1310/189
f 699/1311/255 701/1313/256 702/1314/256 700/1312/255
f 701/1313/256 703/1315/203 704/1316/203 702/1314/256
f 703/1315/203 705/1317/257 706/1318/257 704/1316/203
f 705/1317/257 707/1319/258 708/1320/258 706/1318/257
f 707/1319/258 709/1321/177 710/1322/177 708/1320/258
f 709/1323/177 711/1324/259 712/1325/259 710/1326/177
f 712/1327/194 715/1328/194 710/1329/194
f 711/1324/259 713/1330/260 714/1331/260 712/1325/259
f 713/1330/260 691/1303/184 692/1306/184 714/1331/260
f 696/1332/194 715/1328/194 694/1333/194
f 710/1329/194 715/1328/194 708/1334/194
f 708/1334/194 715/1328/194 706/1335/194
f 706/1335/194 715/1328/194 704/1336/194
f 704/1336/194 715/1328/194 702/1337/194
f 702/1337/194 715/1328/194 700/1338/194
f 700/1338/194 715/1328/194 698/1339/194
f 692/1340/194 715/1328/194 714/1341/194
f 694/1333/194 715/1328/194 692/1340/194
f 698/1339/194 715/1328/194 696/1332/194
f 714/1341/194 715/1328/194 712/1327/194
f 716/1342/184 718/1343/268 719/1344/268 717/1345/184
f 718/1343/268 720/1346/267 721/1347/267 719/1344/268
f 720/1346/267 722/1348/180 723/1349/180 721/1347/267
f 722/1350/180 724/1351/266 725/1352/266 723/1353/180
f 724/1351/266 726/1354/265 727/1355/265 725/1352/266
f 726/1354/265 728/1356/203 729/1357/203 727/1355/265
f 728/1356/203 730/1358/264 731/1359/264 729/1357/203
f 730/1358/264 732/1360/263 733/1361/263 731/1359/264
f 732/1360/263 734/1362/194 735/1363/194 733/1361/263
f 734/1362/194 736/1364/262 737/1365/262 735/1363/194
f 737/1366/189 740/1367/189 735/1368/189
f 736/1364/262 738/1369/261 739/1370/261 737/1365/262
f 738/1369/261 716/1342/184 717/1345/184 739/1370/261
f 721/1371/189 740/1367/189 719/1372/189
f 735/1368/189 740/1367/189 733/1373/189
f 733/1373/189 740/1367/189 731/1374/189
f 731/1374/189 740/1367/189 729/1375/189
f 729/1375/189 740/1367/189 727/1376/189
f 727/1376/189 740/1367/189 725/1377/189
f 725/1377/189 740/1367/189 723/1378/189
f 717/1379/189 740/1367/189 739/1380/189
f 719/1372/189 740/1367/189 717/1379/189
f 723/1378/189 740/1367/189 721/1371/189
f 739/1380/189 740/1367/189 737/1366/189
f 741/1381/203 743/1382/256 744/1383/256 742/1384/203
f 743/1382/256 745/1385/255 746/1386/255 744/1383/256
f 745/1385/255 747/1387/189 748/1388/189 746/1386/255
f 747/1387/189 749/1389/254 750/1390/254 748/1388/189
f 749/1389/254 751/1391/253 752/1392/253 750/1390/254
f 751/1391/253 753/1393/184 754/1394/184 752/1392/253
f 753/1393/184 755/1395/260 756/1396/260 754/1394/184
f 755/1395/260 757/1397/259 758/1398/259 756/1396/260
f 757/1397/259 759/1399/177 760/1400/177 758/1398/259
f 759/1401/177 761/1402/258 762/1403/258 760/1404/177
f 762/1405/180 765/1406/180 760/1407/180
f 761/1402/258 763/1408/257 764/1409/257 762/1403/258
f 763/1408/257 741/1381/203 742/1384/203 764/1409/257
f 746/1410/180 765/1406/180 744/1411/180
f 760/1407/180 765/1406/180 758/1412/180
f 758/1412/180 765/1406/180 756/1413/180
f 756/1413/180 765/1406/180 754/1414/180
f 754/1414/180 765/1406/180 752/1415/180
f 752/1415/180 765/1406/180 750/1416/180
f 750/1416/180 765/1406/180 748/1417/180
f 742/1418/180 765/1406/180 764/1419/180
f 744/1411/180 765/1406/180 742/1418/180
f 748/1417/180 765/1406/180 746/1410/180
f 764/1419/180 765/1406/180 762/1405/180
f 766/1420/203 768/1421/264 769/1422/264 767/1423/203
f 768/1421/264 770/1424/263 771/1425/263 769/1422/264
f 770/1424/263 772/1426/194 773/1427/194 771/1425/263
f 772/1428/194 774/1429/262 775/1430/262 773/1431/194
f 774/1429/262 776/1432/261 777/1433/261 775/1430/262
f 776/1432/261 778/1434/184 779/1435/184 777/1433/261
f 778/1434/184 780/1436/268 781/1437/268 779/1435/184
f 780/1436/268 782/1438/267 783/1439/267 781/1437/268
f 782/1438/267 784/1440/180 785/1441/180 783/1439/267
f 784/1440/180 786/1442/266 787/1443/266 785/1441/180
f 787/1444/189 790/1445/189 785/1446/189
f 786/1442/266 788/1447/265 789/1448/265 787/1443/266
f 788/1447/265 766/1420/203 767/1423/203 789/1448/265
f 771/1449/189 790/1445/189 769/1450/189
f 785/1446/189 790/1445/189 783/1451/189
f 783/1451/189 790/1445/189 781/1452/189
f 781/1452/189 790/1445/189 779/1453/189
f 779/1453/189 790/1445/189 777/1454/189
f 777/1454/189 790/1445/189 775/1455/189
f 775/1455/189 790/1445/189 773/1456/189
f 767/1457/189 790/1445/189 789/1458/189
f 769/1450/189 790/1445/189 767/1457/189
f 773/1456/189 790/1445/189 771/1449/189
f 789/1458/189 790/1445/189 787/1444/189
f 791/1459/203 792/1460/203 794/1461/256 793/1462/256
f 793/1462/256 794/1461/256 796/1463/255 795/1464/255
f 795/1464/255 796/1463/255 798/1465/189 797/1466/189
f 797/1466/189 798/1465/189 800/1467/254 799/1468/254
f 799/1468/254 800/1467/254 802/1469/253 801/1470/253
f 801/1470/253 802/1469/253 804/1471/184 803/1472/184
f 803/1472/184 804/1471/184 806/1473/260 805/1474/260
f 805/1474/260 806/1473/260 808/1475/259 807/1476/259
f 807/1476/259 808/1475/259 810/1477/177 809/1478/177
f 809/1479/177 810/1480/177 812/1481/258 811/1482/258
f 812/1483/194 810/1484/194 815/1485/194
f 811/1482/258 812/1481/258 814/1486/257 813/1487/257
f 813/1487/257 814/1486/257 792/1460/203 791/1459/203
f 796/1488/194 794/1489/194 815/1485/194
f 810/1484/194 808/1490/194 815/1485/194
f 808/1490/194 806/1491/194 815/1485/194
f 806/1491/194 804/1492/194 815/1485/194
f 804/1492/194 802/1493/194 815/1485/194
f 802/1493/194 800/1494/194 815/1485/194
f 800/1494/194 798/1495/194 815/1485/194
f 792/1496/194 814/1497/194 815/1485/194
f 794/1489/194 792/1496/194 815/1485/194
f 798/1495/194 796/1488/194 815/1485/194
f 814/1497/194 812/1483/194 815/1485/194
f 816/1498/203 817/1499/203 819/1500/265 818/1501/265
f 818/1501/265 819/1500/265 821/1502/266 820/1503/266
f 820/1503/266 821/1502/266 823/1504/180 822/1505/180
f 822/1506/180 823/1507/180 825/1508/267 824/1509/267
f 824/1509/267 825/1508/267 827/1510/268 826/1511/268
f 826/1511/268 827/1510/268 829/1512/184 828/1513/184
f 828/1513/184 829/1512/184 831/1514/261 830/1515/261
f 830/1515/261 831/1514/261 833/1516/262 832/1517/262
f 832/1517/262 833/1516/262 835/1518/194 834/1519/194
f 834/1519/194 835/1518/194 837/1520/263 836/1521/263
f 837/1522/189 835/1523/189 840/1524/189
f 836/1521/263 837/1520/263 839/1525/264 838/1526/264
f 838/1526/264 839/1525/264 817/1499/203 816/1498/203
f 821/1527/189 819/1528/189 840/1524/189
f 835/1523/189 833/1529/189 840/1524/189
f 833/1529/189 831/1530/189 840/1524/189
f 831/1530/189 829/1531/189 840/1524/189
f 829/1531/189 827/1532/189 840/1524/189
f 827/1532/189 825/1533/189 840/1524/189
f 825/1533/189 823/1534/189 840/1524/189
f 817/1535/189 839/1536/189 840/1524/189
f 819/1528/189 817/1535/189 840/1524/189
f 823/1534/189 821/1527/189 840/1524/189
f 839/1536/189 837/1522/189 840/1524/189
f 841/1537/184 842/1538/184 844/1539/253 843/1540/253
f 843/1540/253 844/1539/253 846/1541/254 845/1542/254
f 845/1542/254 846/1541/254 848/1543/189 847/1544/189
f 847/1544/189 848/1543/189 850/1545/255 849/1546/255
f 849/1546/255 850/1545/255 852/1547/256 851/1548/256
f 851/1548/256 852/1547/256 854/1549/203 853/1550/203
f 853/1550/203 854/1549/203 856/1551/257 855/1552/257
f 855/1552/257 856/1551/257 858/1553/258 857/1554/258
f 857/1554/258 858/1553/258 860/1555/177 859/1556/177
f 859/1557/177 860/1558/177 862/1559/259 861/1560/259
f 862/1561/180 860/1562/180 865/1563/180
f 861/1560/259 862/1559/259 864/1564/260 863/1565/260
f 863/1565/260 864/1564/260 842/1538/184 841/1537/184
f 846/1566/180 844/1567/180 865/1563/180
f 860/1562/180 858/1568/180 865/1563/180
f 858/1568/180 856/1569/180 865/1563/180
f 856/1569/180 854/1570/180 865/1563/180
f 854/1570/180 852/1571/180 865/1563/180
f 852/1571/180 850/1572/180 865/1563/180
f 850/1572/180 848/1573/180 865/1563/180
f 842/1574/180 864/1575/180 865/1563/180
f 844/1567/180 842/1574/180 865/1563/180
f 848/1573/180 846/1566/180 865/1563/180
f 864/1575/180 862/1561/180 865/1563/180
f 866/1576/184 867/1577/184 869/1578/261 868/1579/261
f 868/1579/261 869/1578/261 871/1580/262 870/1581/262
f 870/1581/262 871/1580/262 873/1582/194 872/1583/194
f 872/1584/194 873/1585/194 875/1586/263 874/1587/263
f 874/1587/263 875/1586/263 877/1588/264 876/1589/264
f 876/1589/264 877/1588/264 879/1590/203 878/1591/203
f 878/1591/203 879/1590/203 881/1592/265 880/1593/265
f 880/1593/265 881/1592/265 883/1594/266 882/1595/266
f 882/1595/266 883/1594/266 885/1596/180 884/1597/180
f 884/1597/180 885/1596/180 887/1598/267 886/1599/267
f 887/1600/189 885/1601/189 890/1602/189
f 886/1599/267 887/1598/267 889/1603/268 888/1604/268
f 888/1604/268 889/1603/268 867/1577/184 866/1576/184
f 871/1605/189 869/1606/189 890/1602/189
f 885/1601/189 883/1607/189 890/1602/189
f 883/1607/189 881/1608/189 890/1602/189
f 881/1608/189 879/1609/189 890/1602/189
f 879/1609/189 877/1610/189 890/1602/189
f 877/1610/189 875/1611/189 890/1602/189
f 875/1611/189 873/1612/189 890/1602/189
f 867/1613/189 889/1614/189 890/1602/189
f 869/1606/189 867/1613/189 890/1602/189
f 873/1612/189 871/1605/189 890/1602/189
f 889/1614/189 887/1600/189 890/1602/189
f 891/1615/184 893/1616/253 894/1617/253 892/1618/184
f 893/1616/253 895/1619/254 896/1620/254 894/1617/253
f 895/1619/254 897/1621/189 898/1622/189 896/1620/254
f 897/1621/189 899/1623/255 900/1624/255 898/1622/189
f 899/1623/255 901/1625/256 902/1626/256 900/1624/255
f 901/1625/256 903/1627/203 904/1628/203 902/1626/256
f 903/1627/203 905/1629/257 906/1630/257 904/1628/203
f 905/1629/257 907/1631/258 908/1632/258 906/1630/257
f 907/1631/258 909/1633/177 910/1634/177 908/1632/258
f 909/1635/177 911/1636/259 912/1637/259 910/1638/177
f 912/1639/194 915/1640/194 910/1641/194
f 911/1636/259 913/1642/260 914/1643/260 912/1637/259
f 913/1642/260 891/1615/184 892/1618/184 914/1643/260
f 896/1644/194 915/1640/194 894/1645/194
f 910/1641/194 915/1640/194 908/1646/194
f 908/1646/194 915/1640/194 906/1647/194
f 906/1647/194 915/1640/194 904/1648/194
f 904/1648/194 915/1640/194 902/1649/194
f 902/1649/194 915/1640/194 900/1650/194
f 900/1650/194 915/1640/194 898/1651/194
f 892/1652/194 915/1640/194 914/1653/194
f 894/1645/194 915/1640/194 892/1652/194
f 898/1651/194 915/1640/194 896/1644/194
f 914/1653/194 915/1640/194 912/1639/194
f 916/1654/184 918/1655/268 919/1656/268 917/1657/184
f 918/1655/268 920/1658/267 921/1659/267 919/1656/268
f 920/1658/267 922/1660/180 923/1661/180 921/1659/267
f 922/1662/180 924/1663/266 925/1664/266 923/1665/180
f 924/1663/266 926/1666/265 927/1667/265 925/1664/266
f 926/1666/265 928/1668/203 929/1669/203 927/1667/265
f 928/1668/203 930/1670/264 931/1671/264 929/1669/203
f 930/1670/264 932/1672/263 933/1673/263 931/1671/264
f 932/1672/263 934/1674/194 935/1675/194 933/1673/263
f 934/1674/194 936/1676/262 937/1677/262 935/1675/194
f 937/1678/189 940/1679/189 935/1680/189
f 936/1676/262 938/1681/261 939/1682/261 937/1677/262
f 938/1681/261 916/1654/184 917/1657/184 939/1682/261
f 921/1683/189 940/1679/189 919/1684/189
f 935/1680/189 940/1679/189 933/1685/189
f 933/1685/189 940/1679/189 931/1686/189
f 931/1686/189 940/1679/189 929/1687/189
f 929/1687/189 940/1679/189 927/1688/189
f 927/1688/189 940/1679/189 925/1689/189
f 925/1689/189 940/1679/189 923/1690/189
f 917/1691/189 940/1679/189 939/1692/189
f 919/1684/189 940/1679/189 917/1691/189
f 923/1690/189 940/1679/189 921/1683/189
f 939/1692/189 940/1679/189 937/1678/189
f 941/1693/203 943/1694/256 944/1695/256 942/1696/203
f 943/1694/256 945/1697/255 946/1698/255 944/1695/256
f 945/1697/255 947/1699/189 948/1700/189 946/1698/255
f 947/1699/189 949/1701/254 950/1702/254 948/1700/189
f 949/1701/254 951/1703/253 952/1704/253 950/1702/254
f 951/1703/253 953/1705/184 954/1706/184 952/1704/253
f 953/1705/184 955/1707/260 956/1708/260 954/1706/184
f 955/1707/260 957/1709/259 958/1710/259 956/1708/260
f 957/1709/259 959/1711/177 960/1712/177 958/1710/259
f 959/1713/177 961/1714/258 962/1715/258 960/1716/177
f 962/1717/180 965/1718/180 960/1719/180
f 961/1714/258 963/1720/257 964/1721/257 962/1715/258
f 963/1720/257 941/1693/203 942/1696/203 964/1721/257
f 946/1722/180 965/1718/180 944/1723/180
f 960/1719/180 965/1718/180 958/1724/180
f 958/1724/180 965/1718/180 956/1725/180
f 956/1725/180 965/1718/180 954/1726/180
f 954/1726/180 965/1718/180 952/1727/180
f 952/1727/180 965/1718/180 950/1728/180
f 950/1728/180 965/1718/180 948/1729/180
f 942/1730/180 965/1718/180 964/1731/180
f 944/1723/180 965/1718/180 942/1730/180
f 948/1729/180 965/1718/180 946/1722/180
f 964/1731/180 965/1718/180 962/1717/180
f 966/1732/203 968/1733/264 969/1734/264 967/1735/203
f 968/1733/264 970/1736/263 971/1737/263 969/1734/264
f 970/1736/263 972/1738/194 973/1739/194 971/1737/263
f 972/1740/194 974/1741/262 975/1742/262 973/1743/194
f 974/1741/262 976/1744/261 977/1745/261 975/1742/262
f 976/1744/261 978/1746/184 979/1747/184 977/1745/261
f 978/1746/184 980/1748/268 981/1749/268 979/1747/184
f 980/1748/268 982/1750/267 983/1751/267 981/1749/268
f 982/1750/267 984/1752/180 985/1753/180 983/1751/267
f 984/1752/180 986/1754/266 987/1755/266 985/1753/180
f 987/1756/189 990/1757/189 985/1758/189
f 986/1754/266 988/1759/265 989/1760/265 987/1755/266
f 988/1759/265 966/1732/203 967/1735/203 989/1760/265
f 971/1761/189 990/1757/189 969/1762/189
f 985/1758/189 990/1757/189 983/1763/189
f 983/1763/189 990/1757/189 981/1764/189
f 981/1764/189 990/1757/189 979/1765/189
f 979/1765/189 990/1757/189 977/1766/189
f 977/1766/189 990/1757/189 975/1767/189
f 975/1767/189 990/1757/189 973/1768/189
f 967/1769/189 990/1757/189 989/1770/189
f 969/1762/189 990/1757/189 967/1769/189
f 973/1768/189 990/1757/189 971/1761/189
f 989/1770/189 990/1757/189 987/1756/189
f 991/1771/203 992/1772/203 994/1773/256 993/1774/256
f 993/1774/256 994/1773/256 996/1775/255 995/1776/255
f 995/1776/255 996/1775/255 998/1777/189 997/1778/189
f 997/1778/189 998/1777/189 1000/1779/254 999/1780/254
f 999/1780/254 1000/1779/254 1002/1781/253 1001/1782/253
f 1001/1782/253 1002/1781/253 1004/1783/184 1003/1784/184
f 1003/1784/184 1004/1783/184 1006/1785/260 1005/1786/260
f 1005/1786/260 1006/1785/260 1008/1787/259 1007/1788/259
f 1007/1788/259 1008/1787/259 1010/1789/177 1009/1790/177
f 1009/1791/177 1010/1792/177 1012/1793/258 1011/1794/258
f 1012/1795/194 1010/1796/194 1015/1797/194
f 1011/1794/258 1012/1793/258 1014/1798/257 1013/1799/257
f 1013/1799/257 1014/1798/257 992/1772/203 991/1771/203
f 996/1800/194 994/1801/194 1015/1797/194
f 1010/1796/194 1008/1802/194 1015/1797/194
f 1008/1802/194 1006/1803/194 1015/1797/194
f 1006/1803/194 1004/1804/194 1015/1797/194
f 1004/1804/194 1002/1805/194 1015/1797/194
f 1002/1805/194 1000/1806/194 1015/1797/194
f 1000/1806/194 998/1807/194 1015/1797/194
f 992/1808/194 1014/1809/194 1015/1797/194
f 994/1801/194 992/1808/194 1015/1797/194
f 998/1807/194 996/1800/194 1015/1797/194
f 1014/1809/194 1012/1795/194 1015/1797/194
f 1016/1810/203 1017/1811/203 1019/1812/265 1018/1813/265
f 1018/1813/265 1019/1812/265 1021/1814/266 1020/1815/266
f 1020/1815/266 1021/1814/266 1023/1816/180 1022/1817/180
f 1022/1818/180 1023/1819/180 1025/1820/267 1024/1821/267
f 1024/1821/267 1025/1820/267 1027/1822/268 1026/1823/268
f 1026/1823/268 1027/1822/268 1029/1824/184 1028/1825/184
f 1028/1825/184 1029/1824/184 1031/1826/261 1030/1827/261
f 1030/1827/261 1031/1826/261 1033/1828/262 1032/1829/262
f 1032/1829/262 1033/1828/262 1035/1830/194 1034/1831/194
f 1034/1831/194 1035/1830/194 1037/1832/263 1036/1833/263
f 1037/1834/189 1035/1835/189 1040/1836/189
f 1036/1833/263 1037/1832/263 1039/1837/264 1038/1838/264
f 1038/1838/264 1039/1837/264 1017/1811/203 1016/1810/203
f 1021/1839/189 1019/1840/189 1040/1836/189
f 1035/1835/189 1033/1841/189 1040/1836/189
f 1033/1841/189 1031/1842/189 1040/1836/189
f 1031/1842/189 1029/1843/189 1040/1836/189
f 1029/1843/189 1027/1844/189 1040/1836/189
f 1027/1844/189 1025/1845/189 1040/1836/189
f 1025/1845/189 1023/1846/189 1040/1836/189
f 1017/1847/189 1039/1848/189 1040/1836/189
f 1019/1840/189 1017/1847/189 1040/1836/189
f 1023/1846/189 1021/1839/189 1040/1836/189
f 1039/1848/189 1037/1834/189 1040/1836/189
f 1182/1849/200 1181/1850/269 1053/1851/269 1054/1852/200
f 1042/1853/180 1049/1854/180 1051/1855/180
f 1111/1856/270 1113/1857/271 1049/1858/271 1047/1859/270
f 1061/1860/272 1125/1861/272 1127/1862/224 1063/1863/224
f 1102/1864/180 1061/1865/180 1063/1866/180
f 1093/1867/184 1099/1868/184 1056/1869/184 1052/1870/184
f 1194/1871/200 1193/1872/269 1065/1873/273 1066/1874/200
f 1097/1875/184 1096/1876/184 1044/1877/184
f 1083/1878/180 1081/1879/180 1082/1880/180
f 1091/1881/184 1075/1882/184 1093/1867/184 1053/1883/184
f 1043/1884/184 1085/1885/184 1055/1886/184 1099/1868/184
f 1044/1877/184 1096/1876/184 1067/1887/184 1098/1888/184
f 1123/1889/274 1125/1861/272 1061/1860/272 1059/1890/274
f 1090/1891/184 1088/1892/184 1089/1893/184
f 1088/1894/275 1216/1895/275 1223/1896/276 1095/1897/277
f 1087/1898/184 1089/1893/184 1045/1899/184 1065/1900/184
f 1099/1868/184 1055/1886/184 1057/1901/184
f 1092/1902/278 1220/1903/279 1212/1904/280 1084/1905/280
f 1092/1906/184 1084/1907/184 1043/1884/184 1075/1882/184
f 1068/1908/281 1196/1909/282 1192/1910/283 1064/1911/283
f 1056/1912/284 1184/1913/284 1180/1914/285 1052/1915/285
f 1062/1916/286 1126/1917/287 1141/1918/288 1077/1919/288
f 1137/1920/289 1073/1921/289 1071/1922/290 1135/1923/290
f 1093/1867/184 1052/1870/184 1054/1924/184
f 1086/1925/184 1085/1885/184 1043/1884/184
f 1101/1926/180 1102/1864/180 1062/1927/180 1077/1928/180
f 1060/1929/180 1059/1930/180 1100/1931/180
f 1098/1888/184 1067/1887/184 1069/1932/184
f 1045/1899/184 1064/1933/184 1066/1934/184
f 1075/1882/184 1043/1884/184 1099/1868/184 1093/1867/184
f 1094/1935/184 1092/1906/184 1075/1882/184
f 1074/1936/291 1138/1937/291 1110/1938/292 1046/1939/292
f 1048/1940/195 1112/1941/195 1111/1856/270 1047/1859/270
f 1046/1939/292 1110/1938/292 1112/1942/195 1048/1943/195
f 1051/1944/224 1115/1945/224 1114/1946/287 1050/1947/287
f 1081/1948/293 1145/1949/291 1122/1950/292 1058/1951/292
f 1083/1952/181 1147/1953/181 1145/1949/291 1081/1948/293
f 1185/1954/220 1184/1913/284 1056/1912/284 1057/1955/220
f 1180/1914/285 1182/1956/200 1054/1957/200 1052/1915/285
f 1214/1958/214 1213/1959/294 1085/1960/294 1086/1961/214
f 1183/1962/295 1185/1963/220 1057/1964/220 1055/1965/295
f 1049/1858/271 1113/1857/271 1115/1966/224 1051/1967/224
f 1076/1968/181 1140/1969/181 1138/1937/291 1074/1936/291
f 1080/1970/296 1144/1971/296 1147/1972/181 1083/1973/181
f 1079/1974/227 1143/1975/227 1142/1976/297 1078/1977/297
f 1077/1919/288 1141/1918/288 1143/1978/227 1079/1979/227
f 1060/1980/195 1124/1981/195 1123/1889/274 1059/1890/274
f 1058/1951/292 1122/1950/292 1124/1982/195 1060/1983/195
f 1063/1984/224 1127/1985/224 1126/1917/287 1062/1916/286
f 1197/1986/220 1196/1909/282 1068/1908/281 1069/1987/220
f 1192/1910/283 1194/1988/200 1066/1989/200 1064/1911/283
f 1218/1990/187 1216/1895/275 1088/1894/275 1090/1991/187
f 1195/1992/298 1197/1993/220 1069/1994/220 1067/1995/295
f 1073/1921/289 1137/1920/289 1140/1996/181 1076/1997/181
f 1072/1998/227 1136/1999/227 1135/1923/290 1071/1922/290
f 1222/2000/187 1220/1903/279 1092/1902/278 1094/2001/187
f 1212/1904/280 1214/2002/214 1086/2003/214 1084/1905/280
f 1225/2004/214 1224/2005/294 1096/2006/299 1097/2007/214
f 1215/2008/300 1218/2009/187 1090/2010/187 1087/2011/300
f 1223/1896/276 1225/2012/214 1097/2013/214 1095/1897/277
f 1219/2014/301 1222/2015/187 1094/2016/187 1091/2017/300
f 1193/1872/269 1215/2008/300 1087/2011/300 1065/1873/273
f 1181/1850/269 1219/2014/301 1091/2017/300 1053/1851/269
f 1224/2005/294 1195/1992/298 1067/1995/295 1096/2006/299
f 1045/1899/184 1098/1888/184 1068/2018/184 1064/1933/184
f 1213/1959/294 1183/1962/295 1055/1965/295 1085/1960/294
f 1050/1947/287 1114/1946/287 1134/2019/302 1070/2020/288
f 1091/1881/184 1094/1935/184 1075/1882/184
f 1101/1926/180 1077/1928/180 1079/2021/180
f 1081/1879/180 1058/2022/180 1100/1931/180 1082/1880/180
f 1082/1880/180 1100/1931/180 1102/1864/180 1101/1926/180
f 1080/2023/180 1082/1880/180 1101/1926/180 1078/2024/180
f 1100/1931/180 1059/1930/180 1061/1865/180 1102/1864/180
f 1078/2024/180 1101/1926/180 1079/2021/180
f 1062/1927/180 1102/1864/180 1063/1866/180
f 1080/2023/180 1083/1878/180 1082/1880/180
f 1058/2022/180 1060/1929/180 1100/1931/180
f 1144/1971/296 1080/1970/296 1078/1977/297 1142/1976/297
f 1088/1892/184 1095/2025/184 1044/1877/184 1089/1893/184
f 1089/1893/184 1044/1877/184 1098/1888/184 1045/1899/184
f 1095/2025/184 1097/1875/184 1044/1877/184
f 1068/2018/184 1098/1888/184 1069/1932/184
f 1087/1898/184 1090/1891/184 1089/1893/184
f 1065/1900/184 1045/1899/184 1066/1934/184
f 1084/1907/184 1086/1925/184 1043/1884/184
f 1056/1869/184 1099/1868/184 1057/1901/184
f 1053/1883/184 1093/1867/184 1054/1924/184
f 1048/2026/180 1047/2027/180 1041/2028/180
f 1041/2028/180 1047/2027/180 1049/1854/180 1042/1853/180
f 1104/2029/180 1042/1853/180 1050/2030/180 1070/2031/180
f 1074/2032/180 1046/2033/180 1041/2028/180 1103/2034/180
f 1103/2034/180 1041/2028/180 1042/1853/180 1104/2029/180
f 1050/2030/180 1042/1853/180 1051/1855/180
f 1046/2033/180 1048/2026/180 1041/2028/180
f 1073/2035/180 1103/2034/180 1104/2029/180 1071/2036/180
f 1076/2037/180 1074/2032/180 1103/2034/180
f 1104/2029/180 1070/2031/180 1072/2038/180
f 1071/2036/180 1104/2029/180 1072/2038/180
f 1073/2035/180 1076/2037/180 1103/2034/180
f 1070/2020/288 1134/2019/302 1136/2039/227 1072/2040/227
f 1246/2041/187 1118/2042/187 1117/2043/303 1245/2044/303
f 1106/2045/194 1115/2046/194 1113/2047/194
f 1166/2048/194 1127/2049/194 1125/2050/194
f 1157/2051/184 1116/2052/184 1120/2053/184 1163/2054/184
f 1258/2055/187 1130/2056/187 1129/2057/303 1257/2058/304
f 1161/2059/184 1108/2060/184 1160/2061/184
f 1147/2062/194 1146/2063/194 1145/2064/194
f 1155/2065/184 1117/2066/184 1157/2051/184 1139/2067/184
f 1107/2068/184 1163/2054/184 1119/2069/184 1149/2070/184
f 1108/2060/184 1162/2071/184 1131/2072/184 1160/2061/184
f 1154/2073/184 1153/2074/184 1152/2075/184
f 1159/2076/305 1287/2077/306 1280/2078/307 1152/2079/307
f 1151/2080/184 1129/2081/184 1109/2082/184 1153/2074/184
f 1163/2054/184 1121/2083/184 1119/2069/184
f 1148/2084/308 1276/2085/308 1284/2086/309 1156/2087/310
f 1156/2088/184 1139/2067/184 1107/2068/184 1148/2089/184
f 1128/2090/311 1256/2091/311 1260/2092/312 1132/2093/313
f 1116/2094/314 1244/2095/314 1248/2096/315 1120/2097/315
f 1157/2051/184 1118/2098/184 1116/2052/184
f 1150/2099/184 1107/2068/184 1149/2070/184
f 1165/2100/194 1141/2101/194 1126/2102/194 1166/2048/194
f 1124/2103/194 1164/2104/194 1123/2105/194
f 1162/2071/184 1133/2106/184 1131/2072/184
f 1109/2082/184 1130/2107/184 1128/2108/184
f 1139/2067/184 1157/2051/184 1163/2054/184 1107/2068/184
f 1158/2109/184 1139/2067/184 1156/2088/184
f 1249/2110/214 1121/2111/214 1120/2097/315 1248/2096/315
f 1244/2095/314 1116/2094/314 1118/2112/187 1246/2113/187
f 1278/2114/220 1150/2115/220 1149/2116/316 1277/2117/316
f 1247/2118/317 1119/2119/317 1121/2120/214 1249/2121/214
f 1261/2122/214 1133/2123/214 1132/2093/313 1260/2092/312
f 1256/2091/311 1128/2090/311 1130/2124/187 1258/2125/187
f 1282/2126/200 1154/2127/200 1152/2079/307 1280/2078/307
f 1259/2128/317 1131/2129/318 1133/2130/214 1261/2131/214
f 1286/2132/200 1158/2133/200 1156/2087/310 1284/2086/309
f 1276/2085/308 1148/2084/308 1150/2134/220 1278/2135/220
f 1289/2136/220 1161/2137/220 1160/2138/316 1288/2139/319
f 1279/2140/320 1151/2141/320 1154/2142/200 1282/2143/200
f 1287/2077/306 1159/2076/305 1161/2144/220 1289/2145/220
f 1283/2146/320 1155/2147/321 1158/2148/200 1286/2149/200
f 1257/2058/304 1129/2057/303 1151/2141/320 1279/2140/320
f 1245/2044/303 1117/2043/303 1155/2147/321 1283/2146/320
f 1288/2139/319 1160/2138/316 1131/2129/318 1259/2128/317
f 1109/2082/184 1128/2108/184 1132/2150/184 1162/2071/184
f 1277/2117/316 1149/2116/316 1119/2119/317 1247/2118/317
f 1155/2065/184 1139/2067/184 1158/2109/184
f 1165/2100/194 1143/2151/194 1141/2101/194
f 1145/2064/194 1146/2063/194 1164/2104/194 1122/2152/194
f 1146/2063/194 1165/2100/194 1166/2048/194 1164/2104/194
f 1144/2153/194 1142/2154/194 1165/2100/194 1146/2063/194
f 1164/2104/194 1166/2048/194 1125/2050/194 1123/2105/194
f 1142/2154/194 1143/2151/194 1165/2100/194
f 1126/2102/194 1127/2049/194 1166/2048/194
f 1144/2153/194 1146/2063/194 1147/2062/194
f 1122/2152/194 1164/2104/194 1124/2103/194
f 1152/2075/184 1153/2074/184 1108/2060/184 1159/2155/184
f 1153/2074/184 1109/2082/184 1162/2071/184 1108/2060/184
f 1159/2155/184 1108/2060/184 1161/2059/184
f 1132/2150/184 1133/2106/184 1162/2071/184
f 1151/2080/184 1153/2074/184 1154/2073/184
f 1129/2081/184 1130/2107/184 1109/2082/184
f 1148/2089/184 1107/2068/184 1150/2099/184
f 1120/2053/184 1121/2083/184 1163/2054/184
f 1117/2066/184 1118/2098/184 1157/2051/184
f 1112/2156/194 1105/2157/194 1111/2158/194
f 1105/2157/194 1106/2045/194 1113/2047/194 1111/2158/194
f 1168/2159/194 1134/2160/194 1114/2161/194 1106/2045/194
f 1138/2162/194 1167/2163/194 1105/2157/194 1110/2164/194
f 1167/2163/194 1168/2159/194 1106/2045/194 1105/2157/194
f 1114/2161/194 1115/2046/194 1106/2045/194
f 1110/2164/194 1105/2157/194 1112/2156/194
f 1137/2165/194 1135/2166/194 1168/2159/194 1167/2163/194
f 1140/2167/194 1167/2163/194 1138/2162/194
f 1168/2159/194 1136/2168/194 1134/2160/194
f 1135/2166/194 1136/2168/194 1168/2159/194
f 1137/2165/194 1167/2163/194 1140/2167/194
f 1200/2169/224 1264/2170/224 1262/2171/322 1198/2172/323
f 1170/2173/180 1179/2174/180 1177/2175/180
f 1239/2176/324 1175/2177/324 1177/2178/325 1241/2179/325
f 1191/2180/227 1255/2181/227 1253/2182/326 1189/2183/326
f 1230/2184/180 1191/2185/180 1189/2186/180
f 1221/2187/203 1180/2188/203 1184/2189/203 1227/2190/203
f 1225/2191/203 1172/2192/203 1224/2193/203
f 1211/2194/180 1210/2195/180 1209/2196/180
f 1219/2197/203 1181/2198/203 1221/2187/203 1203/2199/203
f 1171/2200/203 1227/2190/203 1183/2201/203 1213/2202/203
f 1172/2192/203 1226/2203/203 1195/2204/203 1224/2193/203
f 1251/2205/327 1187/2206/327 1189/2183/326 1253/2182/326
f 1218/2207/203 1217/2208/203 1216/2209/203
f 1215/2210/203 1193/2211/203 1173/2212/203 1217/2208/203
f 1227/2190/203 1185/2213/203 1183/2201/203
f 1220/2214/203 1203/2199/203 1171/2200/203 1212/2215/203
f 1205/2216/322 1269/2217/322 1254/2218/328 1190/2219/329
f 1265/2220/330 1263/2221/331 1199/2222/331 1201/2223/330
f 1221/2187/203 1182/2224/203 1180/2188/203
f 1214/2225/203 1171/2200/203 1213/2202/203
f 1229/2226/180 1205/2227/180 1190/2228/180 1230/2184/180
f 1188/2229/180 1228/2230/180 1187/2231/180
f 1226/2203/203 1197/2232/203 1195/2204/203
f 1173/2212/203 1194/2233/203 1192/2234/203
f 1203/2199/203 1221/2187/203 1227/2190/203 1171/2200/203
f 1222/2235/203 1203/2199/203 1220/2214/203
f 1174/2236/332 1238/2237/332 1266/2238/333 1202/2239/333
f 1175/2177/324 1239/2176/324 1240/2240/181 1176/2241/181
f 1176/2242/181 1240/2243/181 1238/2237/332 1174/2236/332
f 1178/2244/329 1242/2245/329 1243/2246/227 1179/2247/227
f 1186/2248/332 1250/2249/332 1273/2250/334 1209/2251/333
f 1209/2251/333 1273/2250/334 1275/2252/195 1211/2253/195
f 1179/2254/227 1243/2255/227 1241/2179/325 1177/2178/325
f 1202/2239/333 1266/2238/333 1268/2256/195 1204/2257/195
f 1211/2258/195 1275/2259/195 1272/2260/335 1208/2261/335
f 1206/2262/336 1270/2263/336 1271/2264/224 1207/2265/224
f 1207/2266/224 1271/2267/224 1269/2217/322 1205/2216/322
f 1187/2206/327 1251/2205/327 1252/2268/181 1188/2269/181
f 1188/2270/181 1252/2271/181 1250/2249/332 1186/2248/332
f 1190/2219/329 1254/2218/328 1255/2272/227 1191/2273/227
f 1204/2274/195 1268/2275/195 1265/2220/330 1201/2223/330
f 1199/2222/331 1263/2221/331 1264/2276/224 1200/2277/224
f 1173/2212/203 1192/2234/203 1196/2278/203 1226/2203/203
f 1198/2172/323 1262/2171/322 1242/2245/329 1178/2244/329
f 1219/2197/203 1203/2199/203 1222/2235/203
f 1229/2226/180 1207/2279/180 1205/2227/180
f 1209/2196/180 1210/2195/180 1228/2230/180 1186/2280/180
f 1210/2195/180 1229/2226/180 1230/2184/180 1228/2230/180
f 1208/2281/180 1206/2282/180 1229/2226/180 1210/2195/180
f 1228/2230/180 1230/2184/180 1189/2186/180 1187/2231/180
f 1206/2282/180 1207/2279/180 1229/2226/180
f 1190/2228/180 1191/2185/180 1230/2184/180
f 1208/2281/180 1210/2195/180 1211/2194/180
f 1186/2280/180 1228/2230/180 1188/2229/180
f 1272/2260/335 1270/2263/336 1206/2262/336 1208/2261/335
f 1216/2209/203 1217/2208/203 1172/2192/203 1223/2283/203
f 1217/2208/203 1173/2212/203 1226/2203/203 1172/2192/203
f 1223/2283/203 1172/2192/203 1225/2191/203
f 1196/2278/203 1197/2232/203 1226/2203/203
f 1215/2210/203 1217/2208/203 1218/2207/203
f 1193/2211/203 1194/2233/203 1173/2212/203
f 1212/2215/203 1171/2200/203 1214/2225/203
f 1184/2189/203 1185/2213/203 1227/2190/203
f 1181/2198/203 1182/2224/203 1221/2187/203
f 1176/2284/180 1169/2285/180 1175/2286/180
f 1169/2285/180 1170/2173/180 1177/2175/180 1175/2286/180
f 1232/2287/180 1198/2288/180 1178/2289/180 1170/2173/180
f 1202/2290/180 1231/2291/180 1169/2285/180 1174/2292/180
f 1231/2291/180 1232/2287/180 1170/2173/180 1169/2285/180
f 1178/2289/180 1179/2174/180 1170/2173/180
f 1174/2292/180 1169/2285/180 1176/2284/180
f 1201/2293/180 1199/2294/180 1232/2287/180 1231/2291/180
f 1204/2295/180 1231/2291/180 1202/2290/180
f 1232/2287/180 1200/2296/180 1198/2288/180
f 1199/2294/180 1200/2296/180 1232/2287/180
f 1201/2293/180 1231/2291/180 1204/2295/180
f 1234/2297/194 1241/2298/194 1243/2299/194
f 1294/2300/194 1253/2301/194 1255/2302/194
f 1285/2303/203 1291/2304/203 1248/2305/203 1244/2306/203
f 1289/2307/203 1288/2308/203 1236/2309/203
f 1275/2310/194 1273/2311/194 1274/2312/194
f 1283/2313/203 1267/2314/203 1285/2303/203 1245/2315/203
f 1235/2316/203 1277/2317/203 1247/2318/203 1291/2304/203
f 1236/2309/203 1288/2308/203 1259/2319/203 1290/2320/203
f 1282/2321/203 1280/2322/203 1281/2323/203
f 1279/2324/203 1281/2323/203 1237/2325/203 1257/2326/203
f 1291/2304/203 1247/2318/203 1249/2327/203
f 1284/2328/203 1276/2329/203 1235/2316/203 1267/2314/203
f 1285/2303/203 1244/2306/203 1246/2330/203
f 1278/2331/203 1277/2317/203 1235/2316/203
f 1293/2332/194 1294/2300/194 1254/2333/194 1269/2334/194
f 1252/2335/194 1251/2336/194 1292/2337/194
f 1290/2320/203 1259/2319/203 1261/2338/203
f 1237/2325/203 1256/2339/203 1258/2340/203
f 1267/2314/203 1235/2316/203 1291/2304/203 1285/2303/203
f 1286/2341/203 1284/2328/203 1267/2314/203
f 1237/2325/203 1290/2320/203 1260/2342/203 1256/2339/203
f 1283/2313/203 1286/2341/203 1267/2314/203
f 1293/2332/194 1269/2334/194 1271/2343/194
f 1273/2311/194 1250/2344/194 1292/2337/194 1274/2312/194
f 1274/2312/194 1292/2337/194 1294/2300/194 1293/2332/194
f 1272/2345/194 1274/2312/194 1293/2332/194 1270/2346/194
f 1292/2337/194 1251/2336/194 1253/2301/194 1294/2300/194
f 1270/2346/194 1293/2332/194 1271/2343/194
f 1254/2333/194 1294/2300/194 1255/2302/194
f 1272/2345/194 1275/2310/194 1274/2312/194
f 1250/2344/194 1252/2335/194 1292/2337/194
f 1280/2322/203 1287/2347/203 1236/2309/203 1281/2323/203
f 1281/2323/203 1236/2309/203 1290/2320/203 1237/2325/203
f 1287/2347/203 1289/2307/203 1236/2309/203
f 1260/2342/203 1290/2320/203 1261/2338/203
f 1279/2324/203 1282/2321/203 1281/2323/203
f 1257/2326/203 1237/2325/203 1258/2340/203
f 1276/2329/203 1278/2331/203 1235/2316/203
f 1248/2305/203 1291/2304/203 1249/2327/203
f 1245/2315/203 1285/2303/203 1246/2330/203
f 1240/2348/194 1239/2349/194 1233/2350/194
f 1233/2350/194 1239/2349/194 1241/2298/194 1234/2297/194
f 1296/2351/194 1234/2297/194 1242/2352/194 1262/2353/194
f 1266/2354/194 1238/2355/194 1233/2350/194 1295/2356/194
f 1295/2356/194 1233/2350/194 1234/2297/194 1296/2351/194
f 1242/2352/194 1234/2297/194 1243/2299/194
f 1238/2355/194 1240/2348/194 1233/2350/194
f 1265/2357/194 1295/2356/194 1296/2351/194 1263/2358/194
f 1268/2359/194 1266/2354/194 1295/2356/194
f 1296/2351/194 1262/2353/194 1264/2360/194
f 1263/2358/194 1296/2351/194 1264/2360/194
f 1265/2357/194 1268/2359/194 1295/2356/194
f 1297/2361/203 1300/2362/203 1304/2363/203 1303/2364/203
f 1305/2365/184 1307/2366/184 1306/2367/184
f 1297/2361/203 1298/2368/203 1301/2369/203 1300/2362/203
f 1318/2370/189 1305/2371/189 1306/2372/189 1319/2373/189
f 1299/2374/203 1297/2361/203 1303/2364/203 1302/2375/203
f 1307/2376/189 1299/2377/189 1302/2378/189 1308/2379/189
f 1298/2368/203 1297/2361/203 1299/2374/203
f 1298/2380/180 1305/2381/180 1309/2382/180 1301/2383/180
f 1305/2384/214 1298/2385/214 1299/2386/214 1307/2387/214
f 1308/2379/189 1321/2388/189 1320/2389/189 1307/2376/189
f 1318/2390/180 1322/2391/180 1309/2382/180 1305/2381/180
f 1310/2392/184 1316/2393/184 1317/2394/184 1313/2395/184
f 1318/2396/203 1319/2397/203 1320/2398/203
f 1310/2392/184 1313/2395/184 1314/2399/184 1311/2400/184
f 1312/2401/184 1315/2402/184 1316/2393/184 1310/2392/184
f 1320/2389/189 1321/2388/189 1315/2403/189 1312/2404/189
f 1311/2400/184 1312/2401/184 1310/2392/184
f 1311/2405/180 1314/2406/180 1322/2391/180 1318/2390/180
f 1318/2407/214 1320/2408/214 1312/2409/214 1311/2410/214
f 1319/2411/180 1306/2412/180 1307/2413/180 1320/2414/180
f 1323/2415/203 1329/2416/203 1330/2417/203 1326/2418/203
f 1331/2419/184 1332/2420/184 1333/2421/184
f 1323/2415/203 1326/2418/203 1327/2422/203 1324/2423/203
f 1344/2424/189 1345/2425/189 1332/2426/189 1331/2427/189
f 1325/2428/203 1328/2429/203 1329/2416/203 1323/2415/203
f 1333/2430/189 1334/2431/189 1328/2432/189 1325/2433/189
f 1324/2423/203 1325/2428/203 1323/2415/203
f 1324/2434/194 1327/2435/194 1335/2436/194 1331/2437/194
f 1331/2438/220 1333/2439/220 1325/2440/220 1324/2441/220
f 1334/2431/189 1333/2430/189 1346/2442/189 1347/2443/189
f 1344/2444/194 1331/2437/194 1335/2436/194 1348/2445/194
f 1336/2446/184 1339/2447/184 1343/2448/184 1342/2449/184
f 1344/2450/203 1346/2451/203 1345/2452/203
f 1336/2446/184 1337/2453/184 1340/2454/184 1339/2447/184
f 1338/2455/184 1336/2446/184 1342/2449/184 1341/2456/184
f 1346/2442/189 1338/2457/189 1341/2458/189 1347/2443/189
f 1337/2453/184 1336/2446/184 1338/2455/184
f 1337/2459/194 1344/2444/194 1348/2445/194 1340/2460/194
f 1344/2461/220 1337/2462/220 1338/2463/220 1346/2464/220
f 1345/2465/194 1346/2466/194 1333/2467/194 1332/2468/194
f 1349/2469/184 1355/2470/184 1356/2471/184 1352/2472/184
f 1357/2473/203 1358/2474/203 1359/2475/203
f 1349/2469/184 1352/2472/184 1353/2476/184 1350/2477/184
f 1370/2478/189 1371/2479/189 1358/2480/189 1357/2481/189
f 1351/2482/184 1354/2483/184 1355/2470/184 1349/2469/184
f 1359/2484/189 1360/2485/189 1354/2486/189 1351/2487/189
f 1350/2477/184 1351/2482/184 1349/2469/184
f 1350/2488/180 1353/2489/180 1361/2490/180 1357/2491/180
f 1357/2492/214 1359/2493/214 1351/2494/214 1350/2495/214
f 1360/2485/189 1359/2484/189 1372/2496/189 1373/2497/189
f 1370/2498/180 1357/2491/180 1361/2490/180 1374/2499/180
f 1362/2500/203 1365/2501/203 1369/2502/203 1368/2503/203
f 1370/2504/184 1372/2505/184 1371/2506/184
f 1362/2500/203 1363/2507/203 1366/2508/203 1365/2501/203
f 1364/2509/203 1362/2500/203 1368/2503/203 1367/2510/203
f 1372/2496/189 1364/2511/189 1367/2512/189 1373/2497/189
f 1363/2507/203 1362/2500/203 1364/2509/203
f 1363/2513/180 1370/2498/180 1374/2499/180 1366/2514/180
f 1370/2515/214 1363/2516/214 1364/2517/214 1372/2518/214
f 1371/2519/180 1372/2520/180 1359/2521/180 1358/2522/180
f 1375/2523/184 1378/2524/184 1382/2525/184 1381/2526/184
f 1383/2527/203 1385/2528/203 1384/2529/203
f 1375/2523/184 1376/2530/184 1379/2531/184 1378/2524/184
f 1396/2532/189 1383/2533/189 1384/2534/189 1397/2535/189
f 1377/2536/184 1375/2523/184 1381/2526/184 1380/2537/184
f 1385/2538/189 1377/2539/189 1380/2540/189 1386/2541/189
f 1376/2530/184 1375/2523/184 1377/2536/184
f 1376/2542/194 1383/2543/194 1387/2544/194 1379/2545/194
f 1383/2546/220 1376/2547/220 1377/2548/220 1385/2549/220
f 1386/2541/189 1399/2550/189 1398/2551/189 1385/2538/189
f 1396/2552/194 1400/2553/194 1387/2544/194 1383/2543/194
f 1388/2554/203 1394/2555/203 1395/2556/203 1391/2557/203
f 1396/2558/184 1397/2559/184 1398/2560/184
f 1388/2554/203 1391/2557/203 1392/2561/203 1389/2562/203
f 1390/2563/203 1393/2564/203 1394/2555/203 1388/2554/203
f 1398/2551/189 1399/2550/189 1393/2565/189 1390/2566/189
f 1389/2562/203 1390/2563/203 1388/2554/203
f 1389/2567/194 1392/2568/194 1400/2553/194 1396/2552/194
f 1396/2569/220 1398/2570/220 1390/2571/220 1389/2572/220
f 1397/2573/194 1384/2574/194 1385/2575/194 1398/2576/194
f 1401/2577/203 1404/2578/203 1408/2579/203 1407/2580/203
f 1409/2581/184 1411/2582/184 1410/2583/184
f 1401/2577/203 1402/2584/203 1405/2585/203 1404/2578/203
f 1422/2586/189 1409/2587/189 1410/2588/189 1423/2589/189
f 1403/2590/203 1401/2577/203 1407/2580/203 1406/2591/203
f 1411/2592/189 1403/2593/189 1406/2594/189 1412/2595/189
f 1402/2584/203 1401/2577/203 1403/2590/203
f 1402/2596/180 1409/2597/180 1413/2598/180 1405/2599/180
f 1409/2600/214 1402/2601/214 1403/2602/214 1411/2603/214
f 1412/2595/189 1425/2604/189 1424/2605/189 1411/2592/189
f 1422/2606/180 1426/2607/180 1413/2598/180 1409/2597/180
f 1414/2608/184 1420/2609/184 1421/2610/184 1417/2611/184
f 1422/2612/203 1423/2613/203 1424/2614/203
f 1414/2608/184 1417/2611/184 1418/2615/184 1415/2616/184
f 1416/2617/184 1419/2618/184 1420/2609/184 1414/2608/184
f 1424/2605/189 1425/2604/189 1419/2619/189 1416/2620/189
f 1415/2616/184 1416/2617/184 1414/2608/184
f 1415/2621/180 1418/2622/180 1426/2607/180 1422/2606/180
f 1422/2623/214 1424/2624/214 1416/2625/214 1415/2626/214
f 1423/2627/180 1410/2628/180 1411/2629/180 1424/2630/180
f 1427/2631/203 1433/2632/203 1434/2633/203 1430/2634/203
f 1435/2635/184 1436/2636/184 1437/2637/184
f 1427/2631/203 1430/2634/203 1431/2638/203 1428/2639/203
f 1448/2640/189 1449/2641/189 1436/2642/189 1435/2643/189
f 1429/2644/203 1432/2645/203 1433/2632/203 1427/2631/203
f 1437/2646/189 1438/2647/189 1432/2648/189 1429/2649/189
f 1428/2639/203 1429/2644/203 1427/2631/203
f 1428/2650/194 1431/2651/194 1439/2652/194 1435/2653/194
f 1435/2654/220 1437/2655/220 1429/2656/220 1428/2657/220
f 1438/2647/189 1437/2646/189 1450/2658/189 1451/2659/189
f 1448/2660/194 1435/2653/194 1439/2652/194 1452/2661/194
f 1440/2662/184 1443/2663/184 1447/2664/184 1446/2665/184
f 1448/2666/203 1450/2667/203 1449/2668/203
f 1440/2662/184 1441/2669/184 1444/2670/184 1443/2663/184
f 1442/2671/184 1440/2662/184 1446/2665/184 1445/2672/184
f 1450/2658/189 1442/2673/189 1445/2674/189 1451/2659/189
f 1441/2669/184 1440/2662/184 1442/2671/184
f 1441/2675/194 1448/2660/194 1452/2661/194 1444/2676/194
f 1448/2677/220 1441/2678/220 1442/2679/220 1450/2680/220
f 1449/2681/194 1450/2682/194 1437/2683/194 1436/2684/194
f 1453/2685/184 1459/2686/184 1460/2687/184 1456/2688/184
f 1461/2689/203 1462/2690/203 1463/2691/203
f 1453/2685/184 1456/2688/184 1457/2692/184 1454/2693/184
f 1474/2694/189 1475/2695/189 1462/2696/189 1461/2697/189
f 1455/2698/184 1458/2699/184 1459/2686/184 1453/2685/184
f 1463/2700/189 1464/2701/189 1458/2702/189 1455/2703/189
f 1454/2693/184 1455/2698/184 1453/2685/184
f 1454/2704/180 1457/2705/180 1465/2706/180 1461/2707/180
f 1461/2708/214 1463/2709/214 1455/2710/214 1454/2711/214
f 1464/2701/189 1463/2700/189 1476/2712/189 1477/2713/189
f 1474/2714/180 1461/2707/180 1465/2706/180 1478/2715/180
f 1466/2716/203 1469/2717/203 1473/2718/203 1472/2719/203
f 1474/2720/184 1476/2721/184 1475/2722/184
f 1466/2716/203 1467/2723/203 1470/2724/203 1469/2717/203
f 1468/2725/203 1466/2716/203 1472/2719/203 1471/2726/203
f 1476/2712/189 1468/2727/189 1471/2728/189 1477/2713/189
f 1467/2723/203 1466/2716/203 1468/2725/203
f 1467/2729/180 1474/2714/180 1478/2715/180 1470/2730/180
f 1474/2731/214 1467/2732/214 1468/2733/214 1476/2734/214
f 1475/2735/180 1476/2736/180 1463/2737/180 1462/2738/180
f 1479/2739/184 1482/2740/184 1486/2741/184 1485/2742/184
f 1487/2743/203 1489/2744/203 1488/2745/203
f 1479/2739/184 1480/2746/184 1483/2747/184 1482/2740/184
f 1500/2748/189 1487/2749/189 1488/2750/189 1501/2751/189
f 1481/2752/184 1479/2739/184 1485/2742/184 1484/2753/184
f 1489/2754/189 1481/2755/189 1484/2756/189 1490/2757/189
f 1480/2746/184 1479/2739/184 1481/2752/184
f 1480/2758/194 1487/2759/194 1491/2760/194 1483/2761/194
f 1487/2762/220 1480/2763/220 1481/2764/220 1489/2765/220
f 1490/2757/189 1503/2766/189 1502/2767/189 1489/2754/189
f 1500/2768/194 1504/2769/194 1491/2760/194 1487/2759/194
f 1492/2770/203 1498/2771/203 1499/2772/203 1495/2773/203
f 1500/2774/184 1501/2775/184 1502/2776/184
f 1492/2770/203 1495/2773/203 1496/2777/203 1493/2778/203
f 1494/2779/203 1497/2780/203 1498/2771/203 1492/2770/203
f 1502/2767/189 1503/2766/189 1497/2781/189 1494/2782/189
f 1493/2778/203 1494/2779/203 1492/2770/203
f 1493/2783/194 1496/2784/194 1504/2769/194 1500/2768/194
f 1500/2785/220 1502/2786/220 1494/2787/220 1493/2788/220
f 1501/2789/194 1488/2790/194 1489/2791/194 1502/2792/194
f 1505/2793/203 1508/2794/203 1512/2795/203 1511/2796/203
f 1513/2797/184 1515/2798/184 1514/2799/184
f 1505/2793/203 1506/2800/203 1509/2801/203 1508/2794/203
f 1526/2802/189 1513/2803/189 1514/2804/189 1527/2805/189
f 1507/2806/203 1505/2793/203 1511/2796/203 1510/2807/203
f 1515/2808/189 1507/2809/189 1510/2810/189 1516/2811/189
f 1506/2800/203 1505/2793/203 1507/2806/203
f 1506/2812/180 1513/2813/180 1517/2814/180 1509/2815/180
f 1513/2816/214 1506/2817/214 1507/2818/214 1515/2819/214
f 1516/2811/189 1529/2820/189 1528/2821/189 1515/2808/189
f 1526/2822/180 1530/2823/180 1517/2814/180 1513/2813/180
f 1518/2824/184 1524/2825/184 1525/2826/184 1521/2827/184
f 1526/2828/203 1527/2829/203 1528/2830/203
f 1518/2824/184 1521/2827/184 1522/2831/184 1519/2832/184
f 1520/2833/184 1523/2834/184 1524/2825/184 1518/2824/184
f 1528/2821/189 1529/2820/189 1523/2835/189 1520/2836/189
f 1519/2832/184 1520/2833/184 1518/2824/184
f 1519/2837/180 1522/2838/180 1530/2823/180 1526/2822/180
f 1526/2839/214 1528/2840/214 1520/2841/214 1519/2842/214
f 1527/2843/180 1514/2844/180 1515/2845/180 1528/2846/180
f 1531/2847/203 1537/2848/203 1538/2849/203 1534/2850/203
f 1539/2851/184 1540/2852/184 1541/2853/184
f 1531/2847/203 1534/2850/203 1535/2854/203 1532/2855/203
f 1552/2856/189 1553/2857/189 1540/2858/189 1539/2859/189
f 1533/2860/203 1536/2861/203 1537/2848/203 1531/2847/203
f 1541/2862/189 1542/2863/189 1536/2864/189 1533/2865/189
f 1532/2855/203 1533/2860/203 1531/2847/203
f 1532/2866/194 1535/2867/194 1543/2868/194 1539/2869/194
f 1539/2870/220 1541/2871/220 1533/2872/220 1532/2873/220
f 1542/2863/189 1541/2862/189 1554/2874/189 1555/2875/189
f 1552/2876/194 1539/2869/194 1543/2868/194 1556/2877/194
f 1544/2878/184 1547/2879/184 1551/2880/184 1550/2881/184
f 1552/2882/203 1554/2883/203 1553/2884/203
f 1544/2878/184 1545/2885/184 1548/2886/184 1547/2879/184
f 1546/2887/184 1544/2878/184 1550/2881/184 1549/2888/184
f 1554/2874/189 1546/2889/189 1549/2890/189 1555/2875/189
f 1545/2885/184 1544/2878/184 1546/2887/184
f 1545/2891/194 1552/2876/194 1556/2877/194 1548/2892/194
f 1552/2893/220 1545/2894/220 1546/2895/220 1554/2896/220
f 1553/2897/194 1554/2898/194 1541/2899/194 1540/2900/194
f 1557/2901/184 1563/2902/184 1564/2903/184 1560/2904/184
f 1565/2905/203 1566/2906/203 1567/2907/203
f 1557/2901/184 1560/2904/184 1561/2908/184 1558/2909/184
f 1578/2910/189 1579/2911/189 1566/2912/189 1565/2913/189
f 1559/2914/184 1562/2915/184 1563/2902/184 1557/2901/184
f 1567/2916/189 1568/2917/189 1562/2918/189 1559/2919/189
f 1558/2909/184 1559/2914/184 1557/2901/184
f 1558/2920/180 1561/2921/180 1569/2922/180 1565/2923/180
f 1565/2924/214 1567/2925/214 1559/2926/214 1558/2927/214
f 1568/2917/189 1567/2916/189 1580/2928/189 1581/2929/189
f 1578/2930/180 1565/2923/180 1569/2922/180 1582/2931/180
f 1570/2932/203 1573/2933/203 1577/2934/203 1576/2935/203
f 1578/2936/184 1580/2937/184 1579/2938/184
f 1570/2932/203 1571/2939/203 1574/2940/203 1573/2933/203
f 1572/2941/203 1570/2932/203 1576/2935/203 1575/2942/203
f 1580/2928/189 1572/2943/189 1575/2944/189 1581/2929/189
f 1571/2939/203 1570/2932/203 1572/2941/203
f 1571/2945/180 1578/2930/180 1582/2931/180 1574/2946/180
f 1578/2947/214 1571/2948/214 1572/2949/214 1580/2950/214
f 1579/2951/180 1580/2952/180 1567/2953/180 1566/2954/180
f 1583/2955/184 1586/2956/184 1590/2957/184 1589/2958/184
f 1591/2959/203 1593/2960/203 1592/2961/203
f 1583/2955/184 1584/2962/184 1587/2963/184 1586/2956/184
f 1604/2964/189 1591/2965/189 1592/2966/189 1605/2967/189
f 1585/2968/184 1583/2955/184 1589/2958/184 1588/2969/184
f 1593/2970/189 1585/2971/189 1588/2972/189 1594/2973/189
f 1584/2962/184 1583/2955/184 1585/2968/184
f 1584/2974/194 1591/2975/194 1595/2976/194 1587/2977/194
f 1591/2978/220 1584/2979/220 1585/2980/220 1593/2981/220
f 1594/2973/189 1607/2982/189 1606/2983/189 1593/2970/189
f 1604/2984/194 1608/2985/194 1595/2976/194 1591/2975/194
f 1596/2986/203 1602/2987/203 1603/2988/203 1599/2989/203
f 1604/2990/184 1605/2991/184 1606/2992/184
f 1596/2986/203 1599/2989/203 1600/2993/203 1597/2994/203
f 1598/2995/203 1601/2996/203 1602/2987/203 1596/2986/203
f 1606/2983/189 1607/2982/189 1601/2997/189 1598/2998/189
f 1597/2994/203 1598/2995/203 1596/2986/203
f 1597/2999/194 1600/3000/194 1608/2985/194 1604/2984/194
f 1604/3001/220 1606/3002/220 1598/3003/220 1597/3004/220
f 1605/3005/194 1592/3006/194 1593/3007/194 1606/3008/194
f 1609/3009/337 1610/3010/184 1612/3011/268 1611/3012/338
f 1611/3012/338 1612/3011/268 1614/3013/267 1613/3014/339
f 1613/3015/339 1614/3016/267 1616/3017/180 1615/3018/340
f 1615/3018/340 1616/3017/180 1618/3019/266 1617/3020/341
f 1617/3020/341 1618/3019/266 1620/3021/265 1619/3022/342
f 1619/3022/342 1620/3021/265 1622/3023/203 1621/3024/343
f 1621/3024/343 1622/3023/203 1624/3025/264 1623/3026/344
f 1623/3026/344 1624/3025/264 1626/3027/263 1625/3028/345
f 1625/3028/345 1626/3027/263 1628/3029/194 1627/3030/346
f 1627/3030/346 1628/3029/194 1630/3031/262 1629/3032/347
f 1619/3033/342 1621/3034/343 1633/3035/189
f 1629/3032/347 1630/3031/262 1632/3036/261 1631/3037/348
f 1631/3037/348 1632/3036/261 1610/3010/184 1609/3009/337
f 1617/3038/341 1619/3033/342 1633/3035/189
f 1615/3039/340 1617/3038/341 1633/3035/189
f 1631/3040/348 1609/3041/337 1633/3035/189
f 1609/3041/337 1611/3042/338 1633/3035/189
f 1613/3043/339 1615/3039/340 1633/3035/189
f 1629/3044/347 1631/3040/348 1633/3035/189
f 1611/3042/338 1613/3043/339 1633/3035/189
f 1627/3045/346 1629/3044/347 1633/3035/189
f 1625/3046/345 1627/3045/346 1633/3035/189
f 1623/3047/344 1625/3046/345 1633/3035/189
f 1621/3034/343 1623/3047/344 1633/3035/189
f 1634/3048/349 1635/3049/184 1637/3050/268 1636/3051/338
f 1636/3051/338 1637/3050/268 1639/3052/267 1638/3053/339
f 1638/3054/339 1639/3055/267 1641/3056/180 1640/3057/340
f 1640/3057/340 1641/3056/180 1643/3058/266 1642/3059/341
f 1642/3059/341 1643/3058/266 1645/3060/265 1644/3061/342
f 1644/3061/342 1645/3060/265 1647/3062/203 1646/3063/343
f 1646/3063/343 1647/3062/203 1649/3064/264 1648/3065/344
f 1648/3065/344 1649/3064/264 1651/3066/263 1650/3067/345
f 1650/3067/345 1651/3066/263 1653/3068/194 1652/3069/346
f 1652/3069/346 1653/3068/194 1655/3070/262 1654/3071/347
f 1644/3072/342 1646/3073/343 1658/3074/189
f 1654/3071/347 1655/3070/262 1657/3075/261 1656/3076/348
f 1656/3076/348 1657/3075/261 1635/3049/184 1634/3048/349
f 1642/3077/341 1644/3072/342 1658/3074/189
f 1640/3078/340 1642/3077/341 1658/3074/189
f 1656/3079/348 1634/3080/349 1658/3074/189
f 1634/3080/349 1636/3081/338 1658/3074/189
f 1638/3082/339 1640/3078/340 1658/3074/189
f 1654/3083/347 1656/3079/348 1658/3074/189
f 1636/3081/338 1638/3082/339 1658/3074/189
f 1652/3084/346 1654/3083/347 1658/3074/189
f 1650/3085/345 1652/3084/346 1658/3074/189
f 1648/3086/344 1650/3085/345 1658/3074/189
f 1646/3073/343 1648/3086/344 1658/3074/189
f 1659/3087/349 1660/3088/184 1662/3089/268 1661/3090/338
f 1661/3090/338 1662/3089/268 1664/3091/267 1663/3092/339
f 1663/3093/339 1664/3094/267 1666/3095/180 1665/3096/340
f 1665/3096/340 1666/3095/180 1668/3097/266 1667/3098/341
f 1667/3098/341 1668/3097/266 1670/3099/265 1669/3100/342
f 1669/3100/342 1670/3099/265 1672/3101/203 1671/3102/343
f 1671/3102/343 1672/3101/203 1674/3103/264 1673/3104/344
f 1673/3104/344 1674/3103/264 1676/3105/263 1675/3106/345
f 1675/3106/345 1676/3105/263 1678/3107/194 1677/3108/346
f 1677/3108/346 1678/3107/194 1680/3109/262 1679/3110/347
f 1669/3111/342 1671/3112/343 1683/3113/189
f 1679/3110/347 1680/3109/262 1682/3114/261 1681/3115/348
f 1681/3115/348 1682/3114/261 1660/3088/184 1659/3087/349
f 1667/3116/341 1669/3111/342 1683/3113/189
f 1665/3117/340 1667/3116/341 1683/3113/189
f 1681/3118/348 1659/3119/349 1683/3113/189
f 1659/3119/349 1661/3120/338 1683/3113/189
f 1663/3121/339 1665/3117/340 1683/3113/189
f 1679/3122/347 1681/3118/348 1683/3113/189
f 1661/3120/338 1663/3121/339 1683/3113/189
f 1677/3123/346 1679/3122/347 1683/3113/189
f 1675/3124/345 1677/3123/346 1683/3113/189
f 1673/3125/344 1675/3124/345 1683/3113/189
f 1671/3112/343 1673/3125/344 1683/3113/189
f 1684/3126/337 1685/3127/184 1687/3128/268 1686/3129/338
f 1686/3129/338 1687/3128/268 1689/3130/267 1688/3131/339
f 1688/3132/339 1689/3133/267 1691/3134/180 1690/3135/340
f 1690/3135/340 1691/3134/180 1693/3136/266 1692/3137/341
f 1692/3137/341 1693/3136/266 1695/3138/265 1694/3139/342
f 1694/3139/342 1695/3138/265 1697/3140/203 1696/3141/343
f 1696/3141/343 1697/3140/203 1699/3142/264 1698/3143/344
f 1698/3143/344 1699/3142/264 1701/3144/263 1700/3145/345
f 1700/3145/345 1701/3144/263 1703/3146/194 1702/3147/346
f 1702/3147/346 1703/3146/194 1705/3148/262 1704/3149/347
f 1694/3150/342 1696/3151/343 1708/3152/189
f 1704/3149/347 1705/3148/262 1707/3153/261 1706/3154/348
f 1706/3154/348 1707/3153/261 1685/3127/184 1684/3126/337
f 1692/3155/341 1694/3150/342 1708/3152/189
f 1690/3156/340 1692/3155/341 1708/3152/189
f 1706/3157/348 1684/3158/337 1708/3152/189
f 1684/3158/337 1686/3159/338 1708/3152/189
f 1688/3160/339 1690/3156/340 1708/3152/189
f 1704/3161/347 1706/3157/348 1708/3152/189
f 1686/3159/338 1688/3160/339 1708/3152/189
f 1702/3162/346 1704/3161/347 1708/3152/189
f 1700/3163/345 1702/3162/346 1708/3152/189
f 1698/3164/344 1700/3163/345 1708/3152/189
f 1696/3151/343 1698/3164/344 1708/3152/189
